Comment,Designator,Footprint,LCSC
"1uf","C0","Capacitor_SMD:C_0805_2012Metric","C318694"
"22pf","C1,C2","Capacitor_SMD:C_0805_2012Metric","C157623"
"10uf","C3","Capacitor_SMD:C_0805_2012Metric","C17024"
"0.1uf","Z0,Z1,Z2,Z3,C4,Z4,C5,Z5,C6,Z6,Z7,C7,Z8,Z9,Z10,Z11,Z12,Z13,Z14","Capacitor_SMD:C_0805_2012Metric","C282730"
"D","D1,D2,D3,D4,D5,D6,D7,D8,D9,D10,D11,D12,D13,D14,D15,D16,D17,D18,D19,D20,D21,D22,D23,D24,D25,D26,D27,D28,D29,D30,D31,D32,D33,D34,D35,D36,D37,D38,D39,D40,D41,D42,D43,D44,D45,D46,D47,D48,D49,D50,D51,D52,D53,D54,D55,D56,D57,D58,D59,D60,D61,D62,D63,D64","Diode_SMD:D_SOD-123","C109000"
"1A","F0","Fuse:Fuse_0805_2012Metric_Castellated","C89657"
"ULED","L0,L1,L2,L3,L4,L5,L6,L7,L8,L9,L10,L11,L12,L13,L14","LED_SMD:LED_WS2812B_PLCC4_5.0x5.0mm_P3.2mm","C114586"
"10k","R0,R5,R6,R7","Resistor_SMD:R_0805_2012Metric","C25612"
"22","R1,R2","Resistor_SMD:R_0805_2012Metric","C17561"
"5K1","R3,R4","Resistor_SMD:R_0805_2012Metric","C26023"
"SW_PUSH","SW0","Button_Switch_SMD:SW_SPST_SKQG_WithoutStem","C125051"
"ATmega32U4-AU","U0","Package_QFP:TQFP-44_10x10mm_P0.8mm","C44854"
"16MHz","Y0","Crystal:Crystal_SMD_3225-4Pin_3.2x2.5mm","C389837"