<?xml version="1.0" encoding="UTF-8"?>
<export version="D">
  <design>
    <source>A:\Documents\GitHub\hardlight\Mk 1\HardLight.sch</source>
    <date>2021-06-15 10:05:35</date>
    <tool>Eeschema (5.1.6)-1</tool>
    <sheet number="1" name="/" tstamps="/">
      <title_block>
        <title>Hard Light</title>
        <company>Everywhere Defense Ind. / HackPGH</company>
        <rev>Mark 1</rev>
        <date>2021-03-13</date>
        <source>HardLight.sch</source>
        <comment number="1" value="Changes color and flavor when reloaded."/>
        <comment number="2" value="Completely inedible."/>
        <comment number="3" value="Useful."/>
        <comment number="4" value="Fun!"/>
      </title_block>
    </sheet>
  </design>
  <components>
    <comp ref="C3">
      <value>10uf</value>
      <footprint>Capacitor_SMD:C_0805_2012Metric</footprint>
      <fields>
        <field name="LCSC">C17024</field>
      </fields>
      <libsource lib="HardLight-rescue" part="C_Small-device" description=""/>
      <sheetpath names="/" tstamps="/"/>
      <tstamp>5E7F8BEB</tstamp>
    </comp>
    <comp ref="C4">
      <value>0.1uf</value>
      <footprint>Capacitor_SMD:C_0805_2012Metric</footprint>
      <fields>
        <field name="LCSC">C282730</field>
      </fields>
      <libsource lib="HardLight-rescue" part="C_Small-device" description=""/>
      <sheetpath names="/" tstamps="/"/>
      <tstamp>5E7F8E1B</tstamp>
    </comp>
    <comp ref="C5">
      <value>0.1uf</value>
      <footprint>Capacitor_SMD:C_0805_2012Metric</footprint>
      <fields>
        <field name="LCSC">C282730</field>
      </fields>
      <libsource lib="HardLight-rescue" part="C_Small-device" description=""/>
      <sheetpath names="/" tstamps="/"/>
      <tstamp>5E7F903B</tstamp>
    </comp>
    <comp ref="C6">
      <value>0.1uf</value>
      <footprint>Capacitor_SMD:C_0805_2012Metric</footprint>
      <fields>
        <field name="LCSC">C282730</field>
      </fields>
      <libsource lib="HardLight-rescue" part="C_Small-device" description=""/>
      <sheetpath names="/" tstamps="/"/>
      <tstamp>5E7F9665</tstamp>
    </comp>
    <comp ref="R0">
      <value>10k</value>
      <footprint>Resistor_SMD:R_0805_2012Metric</footprint>
      <fields>
        <field name="LCSC">C25612</field>
      </fields>
      <libsource lib="HardLight-rescue" part="R_Small-device" description=""/>
      <sheetpath names="/" tstamps="/"/>
      <tstamp>5E827EA1</tstamp>
    </comp>
    <comp ref="J1">
      <value>I2C</value>
      <footprint>Connector_PinHeader_2.54mm:PinHeader_1x04_P2.54mm_Vertical</footprint>
      <datasheet>~</datasheet>
      <libsource lib="Connector_Generic" part="Conn_01x04" description="Generic connector, single row, 01x04, script generated (kicad-library-utils/schlib/autogen/connector/)"/>
      <sheetpath names="/" tstamps="/"/>
      <tstamp>5E828D04</tstamp>
    </comp>
    <comp ref="R2">
      <value>22</value>
      <footprint>Resistor_SMD:R_0805_2012Metric</footprint>
      <fields>
        <field name="LCSC">C17561</field>
      </fields>
      <libsource lib="HardLight-rescue" part="R_Small-device" description=""/>
      <sheetpath names="/" tstamps="/"/>
      <tstamp>5E82CD52</tstamp>
    </comp>
    <comp ref="R1">
      <value>22</value>
      <footprint>Resistor_SMD:R_0805_2012Metric</footprint>
      <fields>
        <field name="LCSC">C17561</field>
      </fields>
      <libsource lib="HardLight-rescue" part="R_Small-device" description=""/>
      <sheetpath names="/" tstamps="/"/>
      <tstamp>5E82D735</tstamp>
    </comp>
    <comp ref="C0">
      <value>1uf</value>
      <footprint>Capacitor_SMD:C_0805_2012Metric</footprint>
      <fields>
        <field name="LCSC">C318694</field>
      </fields>
      <libsource lib="HardLight-rescue" part="C_Small-device" description=""/>
      <sheetpath names="/" tstamps="/"/>
      <tstamp>5E93AC6F</tstamp>
    </comp>
    <comp ref="Y0">
      <value>16MHz</value>
      <footprint>Crystal:Crystal_SMD_3225-4Pin_3.2x2.5mm</footprint>
      <datasheet>~</datasheet>
      <fields>
        <field name="LCSC">C389837</field>
      </fields>
      <libsource lib="HardLight-rescue" part="Crystal_GND24_Small-Device" description=""/>
      <sheetpath names="/" tstamps="/"/>
      <tstamp>5E94EA53</tstamp>
    </comp>
    <comp ref="C2">
      <value>22pf</value>
      <footprint>Capacitor_SMD:C_0805_2012Metric</footprint>
      <fields>
        <field name="LCSC">C157623</field>
      </fields>
      <libsource lib="HardLight-rescue" part="C_Small-device" description=""/>
      <sheetpath names="/" tstamps="/"/>
      <tstamp>5E99BA32</tstamp>
    </comp>
    <comp ref="C1">
      <value>22pf</value>
      <footprint>Capacitor_SMD:C_0805_2012Metric</footprint>
      <fields>
        <field name="LCSC">C157623</field>
      </fields>
      <libsource lib="HardLight-rescue" part="C_Small-device" description=""/>
      <sheetpath names="/" tstamps="/"/>
      <tstamp>5E99BD1E</tstamp>
    </comp>
    <comp ref="R5">
      <value>10k</value>
      <footprint>Resistor_SMD:R_0805_2012Metric</footprint>
      <fields>
        <field name="LCSC">C25612</field>
      </fields>
      <libsource lib="HardLight-rescue" part="R_Small-device" description=""/>
      <sheetpath names="/" tstamps="/"/>
      <tstamp>5EAB0B04</tstamp>
    </comp>
    <comp ref="SW0">
      <value>SW_PUSH</value>
      <footprint>Button_Switch_SMD:SW_SPST_SKQG_WithoutStem</footprint>
      <fields>
        <field name="LCSC">C125051</field>
      </fields>
      <libsource lib="HardLight-rescue" part="SW_PUSH-device" description=""/>
      <sheetpath names="/" tstamps="/"/>
      <tstamp>5EAB11F5</tstamp>
    </comp>
    <comp ref="R7">
      <value>10k</value>
      <footprint>Resistor_SMD:R_0805_2012Metric</footprint>
      <fields>
        <field name="LCSC">C25612</field>
      </fields>
      <libsource lib="HardLight-rescue" part="R_Small-device" description=""/>
      <sheetpath names="/" tstamps="/"/>
      <tstamp>5EC00329</tstamp>
    </comp>
    <comp ref="R6">
      <value>10k</value>
      <footprint>Resistor_SMD:R_0805_2012Metric</footprint>
      <fields>
        <field name="LCSC">C25612</field>
      </fields>
      <libsource lib="HardLight-rescue" part="R_Small-device" description=""/>
      <sheetpath names="/" tstamps="/"/>
      <tstamp>5EC009E0</tstamp>
    </comp>
    <comp ref="G0">
      <value>HardLight</value>
      <footprint>EDI:EDILogo</footprint>
      <libsource lib="Mechanical" part="Heatsink" description="Heatsink"/>
      <sheetpath names="/" tstamps="/"/>
      <tstamp>5EC06065</tstamp>
    </comp>
    <comp ref="D1">
      <value>D</value>
      <footprint>Diode_SMD:D_SOD-123</footprint>
      <fields>
        <field name="LCSC">C109000</field>
      </fields>
      <libsource lib="HardLight-rescue" part="D-device" description=""/>
      <sheetpath names="/" tstamps="/"/>
      <tstamp>5E5307F8</tstamp>
    </comp>
    <comp ref="K2">
      <value>KEYSW</value>
      <footprint>Keebio-Parts:MX-Alps-Choc-1U-NoLED</footprint>
      <libsource lib="HardLight-rescue" part="KEYSW-keyboard_parts" description=""/>
      <sheetpath names="/" tstamps="/"/>
      <tstamp>5E5307FE</tstamp>
    </comp>
    <comp ref="D2">
      <value>D</value>
      <footprint>Diode_SMD:D_SOD-123</footprint>
      <fields>
        <field name="LCSC">C109000</field>
      </fields>
      <libsource lib="HardLight-rescue" part="D-device" description=""/>
      <sheetpath names="/" tstamps="/"/>
      <tstamp>5E530804</tstamp>
    </comp>
    <comp ref="K3">
      <value>KEYSW</value>
      <footprint>Keebio-Parts:MX-Alps-Choc-1U-NoLED</footprint>
      <libsource lib="HardLight-rescue" part="KEYSW-keyboard_parts" description=""/>
      <sheetpath names="/" tstamps="/"/>
      <tstamp>5E53080A</tstamp>
    </comp>
    <comp ref="D3">
      <value>D</value>
      <footprint>Diode_SMD:D_SOD-123</footprint>
      <fields>
        <field name="LCSC">C109000</field>
      </fields>
      <libsource lib="HardLight-rescue" part="D-device" description=""/>
      <sheetpath names="/" tstamps="/"/>
      <tstamp>5E530810</tstamp>
    </comp>
    <comp ref="K4">
      <value>KEYSW</value>
      <footprint>Keebio-Parts:MX-Alps-Choc-1U-NoLED</footprint>
      <libsource lib="HardLight-rescue" part="KEYSW-keyboard_parts" description=""/>
      <sheetpath names="/" tstamps="/"/>
      <tstamp>5E530816</tstamp>
    </comp>
    <comp ref="D4">
      <value>D</value>
      <footprint>Diode_SMD:D_SOD-123</footprint>
      <fields>
        <field name="LCSC">C109000</field>
      </fields>
      <libsource lib="HardLight-rescue" part="D-device" description=""/>
      <sheetpath names="/" tstamps="/"/>
      <tstamp>5E53081C</tstamp>
    </comp>
    <comp ref="K17">
      <value>KEYSW</value>
      <footprint>Keebio-Parts:MX-Alps-Choc-1U-NoLED</footprint>
      <libsource lib="HardLight-rescue" part="KEYSW-keyboard_parts" description=""/>
      <sheetpath names="/" tstamps="/"/>
      <tstamp>5E530822</tstamp>
    </comp>
    <comp ref="D17">
      <value>D</value>
      <footprint>Diode_SMD:D_SOD-123</footprint>
      <fields>
        <field name="LCSC">C109000</field>
      </fields>
      <libsource lib="HardLight-rescue" part="D-device" description=""/>
      <sheetpath names="/" tstamps="/"/>
      <tstamp>5E530828</tstamp>
    </comp>
    <comp ref="K18">
      <value>KEYSW</value>
      <footprint>Keebio-Parts:MX-Alps-Choc-1U-NoLED</footprint>
      <libsource lib="HardLight-rescue" part="KEYSW-keyboard_parts" description=""/>
      <sheetpath names="/" tstamps="/"/>
      <tstamp>5E53082E</tstamp>
    </comp>
    <comp ref="D18">
      <value>D</value>
      <footprint>Diode_SMD:D_SOD-123</footprint>
      <fields>
        <field name="LCSC">C109000</field>
      </fields>
      <libsource lib="HardLight-rescue" part="D-device" description=""/>
      <sheetpath names="/" tstamps="/"/>
      <tstamp>5E530834</tstamp>
    </comp>
    <comp ref="K19">
      <value>KEYSW</value>
      <footprint>Keebio-Parts:MX-Alps-Choc-1U-NoLED</footprint>
      <libsource lib="HardLight-rescue" part="KEYSW-keyboard_parts" description=""/>
      <sheetpath names="/" tstamps="/"/>
      <tstamp>5E53083A</tstamp>
    </comp>
    <comp ref="D19">
      <value>D</value>
      <footprint>Diode_SMD:D_SOD-123</footprint>
      <fields>
        <field name="LCSC">C109000</field>
      </fields>
      <libsource lib="HardLight-rescue" part="D-device" description=""/>
      <sheetpath names="/" tstamps="/"/>
      <tstamp>5E530840</tstamp>
    </comp>
    <comp ref="K20">
      <value>KEYSW</value>
      <footprint>Keebio-Parts:MX-Alps-Choc-1U-NoLED</footprint>
      <libsource lib="HardLight-rescue" part="KEYSW-keyboard_parts" description=""/>
      <sheetpath names="/" tstamps="/"/>
      <tstamp>5E530846</tstamp>
    </comp>
    <comp ref="D20">
      <value>D</value>
      <footprint>Diode_SMD:D_SOD-123</footprint>
      <fields>
        <field name="LCSC">C109000</field>
      </fields>
      <libsource lib="HardLight-rescue" part="D-device" description=""/>
      <sheetpath names="/" tstamps="/"/>
      <tstamp>5E53084C</tstamp>
    </comp>
    <comp ref="K33">
      <value>KEYSW</value>
      <footprint>Keebio-Parts:MX-Alps-Choc-1U-NoLED</footprint>
      <libsource lib="HardLight-rescue" part="KEYSW-keyboard_parts" description=""/>
      <sheetpath names="/" tstamps="/"/>
      <tstamp>5E530852</tstamp>
    </comp>
    <comp ref="D33">
      <value>D</value>
      <footprint>Diode_SMD:D_SOD-123</footprint>
      <fields>
        <field name="LCSC">C109000</field>
      </fields>
      <libsource lib="HardLight-rescue" part="D-device" description=""/>
      <sheetpath names="/" tstamps="/"/>
      <tstamp>5E530858</tstamp>
    </comp>
    <comp ref="K34">
      <value>KEYSW</value>
      <footprint>Keebio-Parts:MX-Alps-Choc-1U-NoLED</footprint>
      <libsource lib="HardLight-rescue" part="KEYSW-keyboard_parts" description=""/>
      <sheetpath names="/" tstamps="/"/>
      <tstamp>5E53085E</tstamp>
    </comp>
    <comp ref="D34">
      <value>D</value>
      <footprint>Diode_SMD:D_SOD-123</footprint>
      <fields>
        <field name="LCSC">C109000</field>
      </fields>
      <libsource lib="HardLight-rescue" part="D-device" description=""/>
      <sheetpath names="/" tstamps="/"/>
      <tstamp>5E530864</tstamp>
    </comp>
    <comp ref="K35">
      <value>KEYSW</value>
      <footprint>Keebio-Parts:MX-Alps-Choc-1U-NoLED</footprint>
      <libsource lib="HardLight-rescue" part="KEYSW-keyboard_parts" description=""/>
      <sheetpath names="/" tstamps="/"/>
      <tstamp>5E53086A</tstamp>
    </comp>
    <comp ref="D35">
      <value>D</value>
      <footprint>Diode_SMD:D_SOD-123</footprint>
      <fields>
        <field name="LCSC">C109000</field>
      </fields>
      <libsource lib="HardLight-rescue" part="D-device" description=""/>
      <sheetpath names="/" tstamps="/"/>
      <tstamp>5E530870</tstamp>
    </comp>
    <comp ref="K36">
      <value>KEYSW</value>
      <footprint>Keebio-Parts:MX-Alps-Choc-1U-NoLED</footprint>
      <libsource lib="HardLight-rescue" part="KEYSW-keyboard_parts" description=""/>
      <sheetpath names="/" tstamps="/"/>
      <tstamp>5E530876</tstamp>
    </comp>
    <comp ref="D36">
      <value>D</value>
      <footprint>Diode_SMD:D_SOD-123</footprint>
      <fields>
        <field name="LCSC">C109000</field>
      </fields>
      <libsource lib="HardLight-rescue" part="D-device" description=""/>
      <sheetpath names="/" tstamps="/"/>
      <tstamp>5E53087C</tstamp>
    </comp>
    <comp ref="K49">
      <value>KEYSW</value>
      <footprint>Keebio-Parts:MX-Alps-Choc-1U-NoLED</footprint>
      <libsource lib="HardLight-rescue" part="KEYSW-keyboard_parts" description=""/>
      <sheetpath names="/" tstamps="/"/>
      <tstamp>5E530882</tstamp>
    </comp>
    <comp ref="D49">
      <value>D</value>
      <footprint>Diode_SMD:D_SOD-123</footprint>
      <fields>
        <field name="LCSC">C109000</field>
      </fields>
      <libsource lib="HardLight-rescue" part="D-device" description=""/>
      <sheetpath names="/" tstamps="/"/>
      <tstamp>5E530888</tstamp>
    </comp>
    <comp ref="K50">
      <value>KEYSW</value>
      <footprint>Keebio-Parts:MX-Alps-Choc-1U-NoLED</footprint>
      <libsource lib="HardLight-rescue" part="KEYSW-keyboard_parts" description=""/>
      <sheetpath names="/" tstamps="/"/>
      <tstamp>5E53088E</tstamp>
    </comp>
    <comp ref="D50">
      <value>D</value>
      <footprint>Diode_SMD:D_SOD-123</footprint>
      <fields>
        <field name="LCSC">C109000</field>
      </fields>
      <libsource lib="HardLight-rescue" part="D-device" description=""/>
      <sheetpath names="/" tstamps="/"/>
      <tstamp>5E530894</tstamp>
    </comp>
    <comp ref="K51">
      <value>KEYSW</value>
      <footprint>Keebio-Parts:MX-Alps-Choc-1U-NoLED</footprint>
      <libsource lib="HardLight-rescue" part="KEYSW-keyboard_parts" description=""/>
      <sheetpath names="/" tstamps="/"/>
      <tstamp>5E53089A</tstamp>
    </comp>
    <comp ref="D51">
      <value>D</value>
      <footprint>Diode_SMD:D_SOD-123</footprint>
      <fields>
        <field name="LCSC">C109000</field>
      </fields>
      <libsource lib="HardLight-rescue" part="D-device" description=""/>
      <sheetpath names="/" tstamps="/"/>
      <tstamp>5E5308A0</tstamp>
    </comp>
    <comp ref="K52">
      <value>KEYSW</value>
      <footprint>Keebio-Parts:MX-Alps-Choc-1U-NoLED</footprint>
      <libsource lib="HardLight-rescue" part="KEYSW-keyboard_parts" description=""/>
      <sheetpath names="/" tstamps="/"/>
      <tstamp>5E5308A6</tstamp>
    </comp>
    <comp ref="D52">
      <value>D</value>
      <footprint>Diode_SMD:D_SOD-123</footprint>
      <fields>
        <field name="LCSC">C109000</field>
      </fields>
      <libsource lib="HardLight-rescue" part="D-device" description=""/>
      <sheetpath names="/" tstamps="/"/>
      <tstamp>5E5308AC</tstamp>
    </comp>
    <comp ref="K5">
      <value>KEYSW</value>
      <footprint>Keebio-Parts:MX-Alps-Choc-1U-NoLED</footprint>
      <libsource lib="HardLight-rescue" part="KEYSW-keyboard_parts" description=""/>
      <sheetpath names="/" tstamps="/"/>
      <tstamp>5E537F98</tstamp>
    </comp>
    <comp ref="D5">
      <value>D</value>
      <footprint>Diode_SMD:D_SOD-123</footprint>
      <fields>
        <field name="LCSC">C109000</field>
      </fields>
      <libsource lib="HardLight-rescue" part="D-device" description=""/>
      <sheetpath names="/" tstamps="/"/>
      <tstamp>5E537F9E</tstamp>
    </comp>
    <comp ref="D6">
      <value>D</value>
      <footprint>Diode_SMD:D_SOD-123</footprint>
      <fields>
        <field name="LCSC">C109000</field>
      </fields>
      <libsource lib="HardLight-rescue" part="D-device" description=""/>
      <sheetpath names="/" tstamps="/"/>
      <tstamp>5E537FAA</tstamp>
    </comp>
    <comp ref="K7">
      <value>KEYSW</value>
      <footprint>Keebio-Parts:MX-Alps-Choc-1U-NoLED</footprint>
      <libsource lib="HardLight-rescue" part="KEYSW-keyboard_parts" description=""/>
      <sheetpath names="/" tstamps="/"/>
      <tstamp>5E537FB0</tstamp>
    </comp>
    <comp ref="D7">
      <value>D</value>
      <footprint>Diode_SMD:D_SOD-123</footprint>
      <fields>
        <field name="LCSC">C109000</field>
      </fields>
      <libsource lib="HardLight-rescue" part="D-device" description=""/>
      <sheetpath names="/" tstamps="/"/>
      <tstamp>5E537FB6</tstamp>
    </comp>
    <comp ref="K8">
      <value>KEYSW</value>
      <footprint>Keebio-Parts:MX-Alps-Choc-1U-NoLED</footprint>
      <libsource lib="HardLight-rescue" part="KEYSW-keyboard_parts" description=""/>
      <sheetpath names="/" tstamps="/"/>
      <tstamp>5E537FBC</tstamp>
    </comp>
    <comp ref="D8">
      <value>D</value>
      <footprint>Diode_SMD:D_SOD-123</footprint>
      <fields>
        <field name="LCSC">C109000</field>
      </fields>
      <libsource lib="HardLight-rescue" part="D-device" description=""/>
      <sheetpath names="/" tstamps="/"/>
      <tstamp>5E537FC2</tstamp>
    </comp>
    <comp ref="K21">
      <value>KEYSW</value>
      <footprint>Keebio-Parts:MX-Alps-Choc-1U-NoLED</footprint>
      <libsource lib="HardLight-rescue" part="KEYSW-keyboard_parts" description=""/>
      <sheetpath names="/" tstamps="/"/>
      <tstamp>5E537FC8</tstamp>
    </comp>
    <comp ref="D21">
      <value>D</value>
      <footprint>Diode_SMD:D_SOD-123</footprint>
      <fields>
        <field name="LCSC">C109000</field>
      </fields>
      <libsource lib="HardLight-rescue" part="D-device" description=""/>
      <sheetpath names="/" tstamps="/"/>
      <tstamp>5E537FCE</tstamp>
    </comp>
    <comp ref="K22">
      <value>KEYSW</value>
      <footprint>Keebio-Parts:MX-Alps-Choc-1U-NoLED</footprint>
      <libsource lib="HardLight-rescue" part="KEYSW-keyboard_parts" description=""/>
      <sheetpath names="/" tstamps="/"/>
      <tstamp>5E537FD4</tstamp>
    </comp>
    <comp ref="D22">
      <value>D</value>
      <footprint>Diode_SMD:D_SOD-123</footprint>
      <fields>
        <field name="LCSC">C109000</field>
      </fields>
      <libsource lib="HardLight-rescue" part="D-device" description=""/>
      <sheetpath names="/" tstamps="/"/>
      <tstamp>5E537FDA</tstamp>
    </comp>
    <comp ref="K23">
      <value>KEYSW</value>
      <footprint>Keebio-Parts:MX-Alps-Choc-1U-NoLED</footprint>
      <libsource lib="HardLight-rescue" part="KEYSW-keyboard_parts" description=""/>
      <sheetpath names="/" tstamps="/"/>
      <tstamp>5E537FE0</tstamp>
    </comp>
    <comp ref="D23">
      <value>D</value>
      <footprint>Diode_SMD:D_SOD-123</footprint>
      <fields>
        <field name="LCSC">C109000</field>
      </fields>
      <libsource lib="HardLight-rescue" part="D-device" description=""/>
      <sheetpath names="/" tstamps="/"/>
      <tstamp>5E537FE6</tstamp>
    </comp>
    <comp ref="K24">
      <value>KEYSW</value>
      <footprint>Keebio-Parts:MX-Alps-Choc-1U-NoLED</footprint>
      <libsource lib="HardLight-rescue" part="KEYSW-keyboard_parts" description=""/>
      <sheetpath names="/" tstamps="/"/>
      <tstamp>5E537FEC</tstamp>
    </comp>
    <comp ref="D24">
      <value>D</value>
      <footprint>Diode_SMD:D_SOD-123</footprint>
      <fields>
        <field name="LCSC">C109000</field>
      </fields>
      <libsource lib="HardLight-rescue" part="D-device" description=""/>
      <sheetpath names="/" tstamps="/"/>
      <tstamp>5E537FF2</tstamp>
    </comp>
    <comp ref="K37">
      <value>KEYSW</value>
      <footprint>Keebio-Parts:MX-Alps-Choc-1U-NoLED</footprint>
      <libsource lib="HardLight-rescue" part="KEYSW-keyboard_parts" description=""/>
      <sheetpath names="/" tstamps="/"/>
      <tstamp>5E537FF8</tstamp>
    </comp>
    <comp ref="D37">
      <value>D</value>
      <footprint>Diode_SMD:D_SOD-123</footprint>
      <fields>
        <field name="LCSC">C109000</field>
      </fields>
      <libsource lib="HardLight-rescue" part="D-device" description=""/>
      <sheetpath names="/" tstamps="/"/>
      <tstamp>5E537FFE</tstamp>
    </comp>
    <comp ref="K38">
      <value>KEYSW</value>
      <footprint>Keebio-Parts:MX-Alps-Choc-1U-NoLED</footprint>
      <libsource lib="HardLight-rescue" part="KEYSW-keyboard_parts" description=""/>
      <sheetpath names="/" tstamps="/"/>
      <tstamp>5E538004</tstamp>
    </comp>
    <comp ref="D38">
      <value>D</value>
      <footprint>Diode_SMD:D_SOD-123</footprint>
      <fields>
        <field name="LCSC">C109000</field>
      </fields>
      <libsource lib="HardLight-rescue" part="D-device" description=""/>
      <sheetpath names="/" tstamps="/"/>
      <tstamp>5E53800A</tstamp>
    </comp>
    <comp ref="K39">
      <value>KEYSW</value>
      <footprint>Keebio-Parts:MX-Alps-Choc-1U-NoLED</footprint>
      <libsource lib="HardLight-rescue" part="KEYSW-keyboard_parts" description=""/>
      <sheetpath names="/" tstamps="/"/>
      <tstamp>5E538010</tstamp>
    </comp>
    <comp ref="D39">
      <value>D</value>
      <footprint>Diode_SMD:D_SOD-123</footprint>
      <fields>
        <field name="LCSC">C109000</field>
      </fields>
      <libsource lib="HardLight-rescue" part="D-device" description=""/>
      <sheetpath names="/" tstamps="/"/>
      <tstamp>5E538016</tstamp>
    </comp>
    <comp ref="K40">
      <value>KEYSW</value>
      <footprint>Keebio-Parts:MX-Alps-Choc-1U-NoLED</footprint>
      <libsource lib="HardLight-rescue" part="KEYSW-keyboard_parts" description=""/>
      <sheetpath names="/" tstamps="/"/>
      <tstamp>5E53801C</tstamp>
    </comp>
    <comp ref="D40">
      <value>D</value>
      <footprint>Diode_SMD:D_SOD-123</footprint>
      <fields>
        <field name="LCSC">C109000</field>
      </fields>
      <libsource lib="HardLight-rescue" part="D-device" description=""/>
      <sheetpath names="/" tstamps="/"/>
      <tstamp>5E538022</tstamp>
    </comp>
    <comp ref="K53">
      <value>KEYSW</value>
      <footprint>Keebio-Parts:MX-Alps-Choc-1U-NoLED</footprint>
      <libsource lib="HardLight-rescue" part="KEYSW-keyboard_parts" description=""/>
      <sheetpath names="/" tstamps="/"/>
      <tstamp>5E538028</tstamp>
    </comp>
    <comp ref="D53">
      <value>D</value>
      <footprint>Diode_SMD:D_SOD-123</footprint>
      <fields>
        <field name="LCSC">C109000</field>
      </fields>
      <libsource lib="HardLight-rescue" part="D-device" description=""/>
      <sheetpath names="/" tstamps="/"/>
      <tstamp>5E53802E</tstamp>
    </comp>
    <comp ref="K54">
      <value>KEYSW</value>
      <footprint>Keebio-Parts:MX-Alps-Choc-1U-NoLED</footprint>
      <libsource lib="HardLight-rescue" part="KEYSW-keyboard_parts" description=""/>
      <sheetpath names="/" tstamps="/"/>
      <tstamp>5E538034</tstamp>
    </comp>
    <comp ref="D54">
      <value>D</value>
      <footprint>Diode_SMD:D_SOD-123</footprint>
      <fields>
        <field name="LCSC">C109000</field>
      </fields>
      <libsource lib="HardLight-rescue" part="D-device" description=""/>
      <sheetpath names="/" tstamps="/"/>
      <tstamp>5E53803A</tstamp>
    </comp>
    <comp ref="K55">
      <value>KEYSW</value>
      <footprint>Keebio-Parts:MX-Alps-Choc-1U-NoLED</footprint>
      <libsource lib="HardLight-rescue" part="KEYSW-keyboard_parts" description=""/>
      <sheetpath names="/" tstamps="/"/>
      <tstamp>5E538040</tstamp>
    </comp>
    <comp ref="D55">
      <value>D</value>
      <footprint>Diode_SMD:D_SOD-123</footprint>
      <fields>
        <field name="LCSC">C109000</field>
      </fields>
      <libsource lib="HardLight-rescue" part="D-device" description=""/>
      <sheetpath names="/" tstamps="/"/>
      <tstamp>5E538046</tstamp>
    </comp>
    <comp ref="K56">
      <value>KEYSW</value>
      <footprint>Keebio-Parts:MX-Alps-Choc-1U-NoLED</footprint>
      <libsource lib="HardLight-rescue" part="KEYSW-keyboard_parts" description=""/>
      <sheetpath names="/" tstamps="/"/>
      <tstamp>5E53804C</tstamp>
    </comp>
    <comp ref="D56">
      <value>D</value>
      <footprint>Diode_SMD:D_SOD-123</footprint>
      <fields>
        <field name="LCSC">C109000</field>
      </fields>
      <libsource lib="HardLight-rescue" part="D-device" description=""/>
      <sheetpath names="/" tstamps="/"/>
      <tstamp>5E538052</tstamp>
    </comp>
    <comp ref="K9">
      <value>KEYSW</value>
      <footprint>Keebio-Parts:MX-Alps-Choc-1U-NoLED</footprint>
      <libsource lib="HardLight-rescue" part="KEYSW-keyboard_parts" description=""/>
      <sheetpath names="/" tstamps="/"/>
      <tstamp>5E55BC81</tstamp>
    </comp>
    <comp ref="D9">
      <value>D</value>
      <footprint>Diode_SMD:D_SOD-123</footprint>
      <fields>
        <field name="LCSC">C109000</field>
      </fields>
      <libsource lib="HardLight-rescue" part="D-device" description=""/>
      <sheetpath names="/" tstamps="/"/>
      <tstamp>5E55BC87</tstamp>
    </comp>
    <comp ref="K10">
      <value>KEYSW</value>
      <footprint>Keebio-Parts:MX-Alps-Choc-1U-NoLED</footprint>
      <libsource lib="HardLight-rescue" part="KEYSW-keyboard_parts" description=""/>
      <sheetpath names="/" tstamps="/"/>
      <tstamp>5E55BC8D</tstamp>
    </comp>
    <comp ref="D10">
      <value>D</value>
      <footprint>Diode_SMD:D_SOD-123</footprint>
      <fields>
        <field name="LCSC">C109000</field>
      </fields>
      <libsource lib="HardLight-rescue" part="D-device" description=""/>
      <sheetpath names="/" tstamps="/"/>
      <tstamp>5E55BC93</tstamp>
    </comp>
    <comp ref="K11">
      <value>KEYSW</value>
      <footprint>Keebio-Parts:MX-Alps-Choc-1U-NoLED</footprint>
      <libsource lib="HardLight-rescue" part="KEYSW-keyboard_parts" description=""/>
      <sheetpath names="/" tstamps="/"/>
      <tstamp>5E55BC99</tstamp>
    </comp>
    <comp ref="D11">
      <value>D</value>
      <footprint>Diode_SMD:D_SOD-123</footprint>
      <fields>
        <field name="LCSC">C109000</field>
      </fields>
      <libsource lib="HardLight-rescue" part="D-device" description=""/>
      <sheetpath names="/" tstamps="/"/>
      <tstamp>5E55BC9F</tstamp>
    </comp>
    <comp ref="K12">
      <value>KEYSW</value>
      <footprint>Keebio-Parts:MX-Alps-Choc-1U-NoLED</footprint>
      <libsource lib="HardLight-rescue" part="KEYSW-keyboard_parts" description=""/>
      <sheetpath names="/" tstamps="/"/>
      <tstamp>5E55BCA5</tstamp>
    </comp>
    <comp ref="D12">
      <value>D</value>
      <footprint>Diode_SMD:D_SOD-123</footprint>
      <fields>
        <field name="LCSC">C109000</field>
      </fields>
      <libsource lib="HardLight-rescue" part="D-device" description=""/>
      <sheetpath names="/" tstamps="/"/>
      <tstamp>5E55BCAB</tstamp>
    </comp>
    <comp ref="K25">
      <value>KEYSW</value>
      <footprint>Keebio-Parts:MX-Alps-Choc-1U-NoLED</footprint>
      <libsource lib="HardLight-rescue" part="KEYSW-keyboard_parts" description=""/>
      <sheetpath names="/" tstamps="/"/>
      <tstamp>5E55BCB1</tstamp>
    </comp>
    <comp ref="D25">
      <value>D</value>
      <footprint>Diode_SMD:D_SOD-123</footprint>
      <fields>
        <field name="LCSC">C109000</field>
      </fields>
      <libsource lib="HardLight-rescue" part="D-device" description=""/>
      <sheetpath names="/" tstamps="/"/>
      <tstamp>5E55BCB7</tstamp>
    </comp>
    <comp ref="K26">
      <value>KEYSW</value>
      <footprint>Keebio-Parts:MX-Alps-Choc-1U-NoLED</footprint>
      <libsource lib="HardLight-rescue" part="KEYSW-keyboard_parts" description=""/>
      <sheetpath names="/" tstamps="/"/>
      <tstamp>5E55BCBD</tstamp>
    </comp>
    <comp ref="D26">
      <value>D</value>
      <footprint>Diode_SMD:D_SOD-123</footprint>
      <fields>
        <field name="LCSC">C109000</field>
      </fields>
      <libsource lib="HardLight-rescue" part="D-device" description=""/>
      <sheetpath names="/" tstamps="/"/>
      <tstamp>5E55BCC3</tstamp>
    </comp>
    <comp ref="K27">
      <value>KEYSW</value>
      <footprint>Keebio-Parts:MX-Alps-Choc-1U-NoLED</footprint>
      <libsource lib="HardLight-rescue" part="KEYSW-keyboard_parts" description=""/>
      <sheetpath names="/" tstamps="/"/>
      <tstamp>5E55BCC9</tstamp>
    </comp>
    <comp ref="D27">
      <value>D</value>
      <footprint>Diode_SMD:D_SOD-123</footprint>
      <fields>
        <field name="LCSC">C109000</field>
      </fields>
      <libsource lib="HardLight-rescue" part="D-device" description=""/>
      <sheetpath names="/" tstamps="/"/>
      <tstamp>5E55BCCF</tstamp>
    </comp>
    <comp ref="K28">
      <value>KEYSW</value>
      <footprint>Keebio-Parts:MX-Alps-Choc-1U-NoLED</footprint>
      <libsource lib="HardLight-rescue" part="KEYSW-keyboard_parts" description=""/>
      <sheetpath names="/" tstamps="/"/>
      <tstamp>5E55BCD5</tstamp>
    </comp>
    <comp ref="D28">
      <value>D</value>
      <footprint>Diode_SMD:D_SOD-123</footprint>
      <fields>
        <field name="LCSC">C109000</field>
      </fields>
      <libsource lib="HardLight-rescue" part="D-device" description=""/>
      <sheetpath names="/" tstamps="/"/>
      <tstamp>5E55BCDB</tstamp>
    </comp>
    <comp ref="K41">
      <value>KEYSW</value>
      <footprint>Keebio-Parts:MX-Alps-Choc-1U-NoLED</footprint>
      <libsource lib="HardLight-rescue" part="KEYSW-keyboard_parts" description=""/>
      <sheetpath names="/" tstamps="/"/>
      <tstamp>5E55BCE1</tstamp>
    </comp>
    <comp ref="D41">
      <value>D</value>
      <footprint>Diode_SMD:D_SOD-123</footprint>
      <fields>
        <field name="LCSC">C109000</field>
      </fields>
      <libsource lib="HardLight-rescue" part="D-device" description=""/>
      <sheetpath names="/" tstamps="/"/>
      <tstamp>5E55BCE7</tstamp>
    </comp>
    <comp ref="K42">
      <value>KEYSW</value>
      <footprint>Keebio-Parts:MX-Alps-Choc-1U-NoLED</footprint>
      <libsource lib="HardLight-rescue" part="KEYSW-keyboard_parts" description=""/>
      <sheetpath names="/" tstamps="/"/>
      <tstamp>5E55BCED</tstamp>
    </comp>
    <comp ref="D42">
      <value>D</value>
      <footprint>Diode_SMD:D_SOD-123</footprint>
      <fields>
        <field name="LCSC">C109000</field>
      </fields>
      <libsource lib="HardLight-rescue" part="D-device" description=""/>
      <sheetpath names="/" tstamps="/"/>
      <tstamp>5E55BCF3</tstamp>
    </comp>
    <comp ref="K43">
      <value>KEYSW</value>
      <footprint>Keebio-Parts:MX-Alps-Choc-1U-NoLED</footprint>
      <libsource lib="HardLight-rescue" part="KEYSW-keyboard_parts" description=""/>
      <sheetpath names="/" tstamps="/"/>
      <tstamp>5E55BCF9</tstamp>
    </comp>
    <comp ref="D43">
      <value>D</value>
      <footprint>Diode_SMD:D_SOD-123</footprint>
      <fields>
        <field name="LCSC">C109000</field>
      </fields>
      <libsource lib="HardLight-rescue" part="D-device" description=""/>
      <sheetpath names="/" tstamps="/"/>
      <tstamp>5E55BCFF</tstamp>
    </comp>
    <comp ref="K44">
      <value>KEYSW</value>
      <footprint>Keebio-Parts:MX-Alps-Choc-1U-NoLED</footprint>
      <libsource lib="HardLight-rescue" part="KEYSW-keyboard_parts" description=""/>
      <sheetpath names="/" tstamps="/"/>
      <tstamp>5E55BD05</tstamp>
    </comp>
    <comp ref="D44">
      <value>D</value>
      <footprint>Diode_SMD:D_SOD-123</footprint>
      <fields>
        <field name="LCSC">C109000</field>
      </fields>
      <libsource lib="HardLight-rescue" part="D-device" description=""/>
      <sheetpath names="/" tstamps="/"/>
      <tstamp>5E55BD0B</tstamp>
    </comp>
    <comp ref="K57">
      <value>KEYSW</value>
      <footprint>Keebio-Parts:MX-Alps-Choc-1U-NoLED</footprint>
      <libsource lib="HardLight-rescue" part="KEYSW-keyboard_parts" description=""/>
      <sheetpath names="/" tstamps="/"/>
      <tstamp>5E55BD11</tstamp>
    </comp>
    <comp ref="D57">
      <value>D</value>
      <footprint>Diode_SMD:D_SOD-123</footprint>
      <fields>
        <field name="LCSC">C109000</field>
      </fields>
      <libsource lib="HardLight-rescue" part="D-device" description=""/>
      <sheetpath names="/" tstamps="/"/>
      <tstamp>5E55BD17</tstamp>
    </comp>
    <comp ref="K58">
      <value>KEYSW</value>
      <footprint>Keebio-Parts:MX-Alps-Choc-1U-NoLED</footprint>
      <libsource lib="HardLight-rescue" part="KEYSW-keyboard_parts" description=""/>
      <sheetpath names="/" tstamps="/"/>
      <tstamp>5E55BD1D</tstamp>
    </comp>
    <comp ref="D58">
      <value>D</value>
      <footprint>Diode_SMD:D_SOD-123</footprint>
      <fields>
        <field name="LCSC">C109000</field>
      </fields>
      <libsource lib="HardLight-rescue" part="D-device" description=""/>
      <sheetpath names="/" tstamps="/"/>
      <tstamp>5E55BD23</tstamp>
    </comp>
    <comp ref="K59">
      <value>KEYSW</value>
      <footprint>Keebio-Parts:MX-Alps-Choc-1U-NoLED</footprint>
      <libsource lib="HardLight-rescue" part="KEYSW-keyboard_parts" description=""/>
      <sheetpath names="/" tstamps="/"/>
      <tstamp>5E55BD29</tstamp>
    </comp>
    <comp ref="D59">
      <value>D</value>
      <footprint>Diode_SMD:D_SOD-123</footprint>
      <fields>
        <field name="LCSC">C109000</field>
      </fields>
      <libsource lib="HardLight-rescue" part="D-device" description=""/>
      <sheetpath names="/" tstamps="/"/>
      <tstamp>5E55BD2F</tstamp>
    </comp>
    <comp ref="K60">
      <value>KEYSW</value>
      <footprint>Keebio-Parts:MX-Alps-Choc-1U-NoLED</footprint>
      <libsource lib="HardLight-rescue" part="KEYSW-keyboard_parts" description=""/>
      <sheetpath names="/" tstamps="/"/>
      <tstamp>5E55BD35</tstamp>
    </comp>
    <comp ref="D60">
      <value>D</value>
      <footprint>Diode_SMD:D_SOD-123</footprint>
      <fields>
        <field name="LCSC">C109000</field>
      </fields>
      <libsource lib="HardLight-rescue" part="D-device" description=""/>
      <sheetpath names="/" tstamps="/"/>
      <tstamp>5E55BD3B</tstamp>
    </comp>
    <comp ref="K13">
      <value>KEYSW</value>
      <footprint>Keebio-Parts:MX-Alps-Choc-1U-NoLED</footprint>
      <libsource lib="HardLight-rescue" part="KEYSW-keyboard_parts" description=""/>
      <sheetpath names="/" tstamps="/"/>
      <tstamp>5E55BD69</tstamp>
    </comp>
    <comp ref="D13">
      <value>D</value>
      <footprint>Diode_SMD:D_SOD-123</footprint>
      <fields>
        <field name="LCSC">C109000</field>
      </fields>
      <libsource lib="HardLight-rescue" part="D-device" description=""/>
      <sheetpath names="/" tstamps="/"/>
      <tstamp>5E55BD6F</tstamp>
    </comp>
    <comp ref="K14">
      <value>KEYSW</value>
      <footprint>Keebio-Parts:MX-Alps-Choc-1U-NoLED</footprint>
      <libsource lib="HardLight-rescue" part="KEYSW-keyboard_parts" description=""/>
      <sheetpath names="/" tstamps="/"/>
      <tstamp>5E55BD75</tstamp>
    </comp>
    <comp ref="D14">
      <value>D</value>
      <footprint>Diode_SMD:D_SOD-123</footprint>
      <fields>
        <field name="LCSC">C109000</field>
      </fields>
      <libsource lib="HardLight-rescue" part="D-device" description=""/>
      <sheetpath names="/" tstamps="/"/>
      <tstamp>5E55BD7B</tstamp>
    </comp>
    <comp ref="K15">
      <value>KEYSW</value>
      <footprint>Keebio-Parts:MX-Alps-Choc-1U-NoLED</footprint>
      <libsource lib="HardLight-rescue" part="KEYSW-keyboard_parts" description=""/>
      <sheetpath names="/" tstamps="/"/>
      <tstamp>5E55BD81</tstamp>
    </comp>
    <comp ref="D15">
      <value>D</value>
      <footprint>Diode_SMD:D_SOD-123</footprint>
      <fields>
        <field name="LCSC">C109000</field>
      </fields>
      <libsource lib="HardLight-rescue" part="D-device" description=""/>
      <sheetpath names="/" tstamps="/"/>
      <tstamp>5E55BD87</tstamp>
    </comp>
    <comp ref="K16">
      <value>KEYSW</value>
      <footprint>Keebio-Parts:MX-Alps-Choc-1U-NoLED</footprint>
      <libsource lib="HardLight-rescue" part="KEYSW-keyboard_parts" description=""/>
      <sheetpath names="/" tstamps="/"/>
      <tstamp>5E55BD8D</tstamp>
    </comp>
    <comp ref="D16">
      <value>D</value>
      <footprint>Diode_SMD:D_SOD-123</footprint>
      <fields>
        <field name="LCSC">C109000</field>
      </fields>
      <libsource lib="HardLight-rescue" part="D-device" description=""/>
      <sheetpath names="/" tstamps="/"/>
      <tstamp>5E55BD93</tstamp>
    </comp>
    <comp ref="K29">
      <value>KEYSW</value>
      <footprint>Keebio-Parts:MX-Alps-Choc-1U-NoLED</footprint>
      <libsource lib="HardLight-rescue" part="KEYSW-keyboard_parts" description=""/>
      <sheetpath names="/" tstamps="/"/>
      <tstamp>5E55BD99</tstamp>
    </comp>
    <comp ref="D29">
      <value>D</value>
      <footprint>Diode_SMD:D_SOD-123</footprint>
      <fields>
        <field name="LCSC">C109000</field>
      </fields>
      <libsource lib="HardLight-rescue" part="D-device" description=""/>
      <sheetpath names="/" tstamps="/"/>
      <tstamp>5E55BD9F</tstamp>
    </comp>
    <comp ref="K30">
      <value>KEYSW</value>
      <footprint>Keebio-Parts:MX-Alps-Choc-1U-NoLED</footprint>
      <libsource lib="HardLight-rescue" part="KEYSW-keyboard_parts" description=""/>
      <sheetpath names="/" tstamps="/"/>
      <tstamp>5E55BDA5</tstamp>
    </comp>
    <comp ref="D30">
      <value>D</value>
      <footprint>Diode_SMD:D_SOD-123</footprint>
      <fields>
        <field name="LCSC">C109000</field>
      </fields>
      <libsource lib="HardLight-rescue" part="D-device" description=""/>
      <sheetpath names="/" tstamps="/"/>
      <tstamp>5E55BDAB</tstamp>
    </comp>
    <comp ref="K31">
      <value>KEYSW</value>
      <footprint>Keebio-Parts:MX-Alps-Choc-1U-NoLED</footprint>
      <libsource lib="HardLight-rescue" part="KEYSW-keyboard_parts" description=""/>
      <sheetpath names="/" tstamps="/"/>
      <tstamp>5E55BDB1</tstamp>
    </comp>
    <comp ref="D31">
      <value>D</value>
      <footprint>Diode_SMD:D_SOD-123</footprint>
      <fields>
        <field name="LCSC">C109000</field>
      </fields>
      <libsource lib="HardLight-rescue" part="D-device" description=""/>
      <sheetpath names="/" tstamps="/"/>
      <tstamp>5E55BDB7</tstamp>
    </comp>
    <comp ref="K32">
      <value>KEYSW</value>
      <footprint>Keebio-Parts:MX-Alps-Choc-1U-NoLED</footprint>
      <libsource lib="HardLight-rescue" part="KEYSW-keyboard_parts" description=""/>
      <sheetpath names="/" tstamps="/"/>
      <tstamp>5E55BDBD</tstamp>
    </comp>
    <comp ref="D32">
      <value>D</value>
      <footprint>Diode_SMD:D_SOD-123</footprint>
      <fields>
        <field name="LCSC">C109000</field>
      </fields>
      <libsource lib="HardLight-rescue" part="D-device" description=""/>
      <sheetpath names="/" tstamps="/"/>
      <tstamp>5E55BDC3</tstamp>
    </comp>
    <comp ref="K45">
      <value>KEYSW</value>
      <footprint>Keebio-Parts:MX-Alps-Choc-1U-NoLED</footprint>
      <libsource lib="HardLight-rescue" part="KEYSW-keyboard_parts" description=""/>
      <sheetpath names="/" tstamps="/"/>
      <tstamp>5E55BDC9</tstamp>
    </comp>
    <comp ref="D45">
      <value>D</value>
      <footprint>Diode_SMD:D_SOD-123</footprint>
      <fields>
        <field name="LCSC">C109000</field>
      </fields>
      <libsource lib="HardLight-rescue" part="D-device" description=""/>
      <sheetpath names="/" tstamps="/"/>
      <tstamp>5E55BDCF</tstamp>
    </comp>
    <comp ref="K46">
      <value>KEYSW</value>
      <footprint>Keebio-Parts:MX-Alps-Choc-1U-NoLED</footprint>
      <libsource lib="HardLight-rescue" part="KEYSW-keyboard_parts" description=""/>
      <sheetpath names="/" tstamps="/"/>
      <tstamp>5E55BDD5</tstamp>
    </comp>
    <comp ref="D46">
      <value>D</value>
      <footprint>Diode_SMD:D_SOD-123</footprint>
      <fields>
        <field name="LCSC">C109000</field>
      </fields>
      <libsource lib="HardLight-rescue" part="D-device" description=""/>
      <sheetpath names="/" tstamps="/"/>
      <tstamp>5E55BDDB</tstamp>
    </comp>
    <comp ref="K47">
      <value>KEYSW</value>
      <footprint>Keebio-Parts:MX-Alps-Choc-1U-NoLED</footprint>
      <libsource lib="HardLight-rescue" part="KEYSW-keyboard_parts" description=""/>
      <sheetpath names="/" tstamps="/"/>
      <tstamp>5E55BDE1</tstamp>
    </comp>
    <comp ref="D47">
      <value>D</value>
      <footprint>Diode_SMD:D_SOD-123</footprint>
      <fields>
        <field name="LCSC">C109000</field>
      </fields>
      <libsource lib="HardLight-rescue" part="D-device" description=""/>
      <sheetpath names="/" tstamps="/"/>
      <tstamp>5E55BDE7</tstamp>
    </comp>
    <comp ref="K48">
      <value>KEYSW</value>
      <footprint>Keebio-Parts:MX-Alps-Choc-1U-NoLED</footprint>
      <libsource lib="HardLight-rescue" part="KEYSW-keyboard_parts" description=""/>
      <sheetpath names="/" tstamps="/"/>
      <tstamp>5E55BDED</tstamp>
    </comp>
    <comp ref="D48">
      <value>D</value>
      <footprint>Diode_SMD:D_SOD-123</footprint>
      <fields>
        <field name="LCSC">C109000</field>
      </fields>
      <libsource lib="HardLight-rescue" part="D-device" description=""/>
      <sheetpath names="/" tstamps="/"/>
      <tstamp>5E55BDF3</tstamp>
    </comp>
    <comp ref="K61">
      <value>KEYSW</value>
      <footprint>Keebio-Parts:MX-Alps-Choc-1U-NoLED</footprint>
      <libsource lib="HardLight-rescue" part="KEYSW-keyboard_parts" description=""/>
      <sheetpath names="/" tstamps="/"/>
      <tstamp>5E55BDF9</tstamp>
    </comp>
    <comp ref="D61">
      <value>D</value>
      <footprint>Diode_SMD:D_SOD-123</footprint>
      <fields>
        <field name="LCSC">C109000</field>
      </fields>
      <libsource lib="HardLight-rescue" part="D-device" description=""/>
      <sheetpath names="/" tstamps="/"/>
      <tstamp>5E55BDFF</tstamp>
    </comp>
    <comp ref="K62">
      <value>KEYSW</value>
      <footprint>Keebio-Parts:MX-Alps-Choc-1U-NoLED</footprint>
      <libsource lib="HardLight-rescue" part="KEYSW-keyboard_parts" description=""/>
      <sheetpath names="/" tstamps="/"/>
      <tstamp>5E55BE05</tstamp>
    </comp>
    <comp ref="D62">
      <value>D</value>
      <footprint>Diode_SMD:D_SOD-123</footprint>
      <fields>
        <field name="LCSC">C109000</field>
      </fields>
      <libsource lib="HardLight-rescue" part="D-device" description=""/>
      <sheetpath names="/" tstamps="/"/>
      <tstamp>5E55BE0B</tstamp>
    </comp>
    <comp ref="K63">
      <value>KEYSW</value>
      <footprint>Keebio-Parts:MX-Alps-Choc-1U-NoLED</footprint>
      <libsource lib="HardLight-rescue" part="KEYSW-keyboard_parts" description=""/>
      <sheetpath names="/" tstamps="/"/>
      <tstamp>5E55BE11</tstamp>
    </comp>
    <comp ref="D63">
      <value>D</value>
      <footprint>Diode_SMD:D_SOD-123</footprint>
      <fields>
        <field name="LCSC">C109000</field>
      </fields>
      <libsource lib="HardLight-rescue" part="D-device" description=""/>
      <sheetpath names="/" tstamps="/"/>
      <tstamp>5E55BE17</tstamp>
    </comp>
    <comp ref="K64">
      <value>KEYSW</value>
      <footprint>Keebio-Parts:MX-Alps-Choc-1U-NoLED</footprint>
      <libsource lib="HardLight-rescue" part="KEYSW-keyboard_parts" description=""/>
      <sheetpath names="/" tstamps="/"/>
      <tstamp>5E55BE1D</tstamp>
    </comp>
    <comp ref="D64">
      <value>D</value>
      <footprint>Diode_SMD:D_SOD-123</footprint>
      <fields>
        <field name="LCSC">C109000</field>
      </fields>
      <libsource lib="HardLight-rescue" part="D-device" description=""/>
      <sheetpath names="/" tstamps="/"/>
      <tstamp>5E55BE23</tstamp>
    </comp>
    <comp ref="H0">
      <value>MountingHole_Pad</value>
      <footprint>MountingHole:MountingHole_2.2mm_M2_Pad</footprint>
      <datasheet>~</datasheet>
      <libsource lib="Mechanical" part="MountingHole_Pad" description="Mounting Hole with connection"/>
      <sheetpath names="/" tstamps="/"/>
      <tstamp>5E4DEEA2</tstamp>
    </comp>
    <comp ref="H1">
      <value>MountingHole_Pad</value>
      <footprint>MountingHole:MountingHole_2.2mm_M2_Pad</footprint>
      <datasheet>~</datasheet>
      <libsource lib="Mechanical" part="MountingHole_Pad" description="Mounting Hole with connection"/>
      <sheetpath names="/" tstamps="/"/>
      <tstamp>5E4DF0FB</tstamp>
    </comp>
    <comp ref="H2">
      <value>MountingHole_Pad</value>
      <footprint>MountingHole:MountingHole_2.2mm_M2_Pad</footprint>
      <datasheet>~</datasheet>
      <libsource lib="Mechanical" part="MountingHole_Pad" description="Mounting Hole with connection"/>
      <sheetpath names="/" tstamps="/"/>
      <tstamp>5E4DF24B</tstamp>
    </comp>
    <comp ref="H3">
      <value>MountingHole_Pad</value>
      <footprint>MountingHole:MountingHole_2.2mm_M2_Pad</footprint>
      <datasheet>~</datasheet>
      <libsource lib="Mechanical" part="MountingHole_Pad" description="Mounting Hole with connection"/>
      <sheetpath names="/" tstamps="/"/>
      <tstamp>5E4DF399</tstamp>
    </comp>
    <comp ref="H4">
      <value>MountingHole_Pad</value>
      <footprint>MountingHole:MountingHole_2.2mm_M2_Pad</footprint>
      <datasheet>~</datasheet>
      <libsource lib="Mechanical" part="MountingHole_Pad" description="Mounting Hole with connection"/>
      <sheetpath names="/" tstamps="/"/>
      <tstamp>5E4DF4E9</tstamp>
    </comp>
    <comp ref="H5">
      <value>MountingHole_Pad</value>
      <footprint>MountingHole:MountingHole_2.2mm_M2_Pad</footprint>
      <datasheet>~</datasheet>
      <libsource lib="Mechanical" part="MountingHole_Pad" description="Mounting Hole with connection"/>
      <sheetpath names="/" tstamps="/"/>
      <tstamp>5E4DF63B</tstamp>
    </comp>
    <comp ref="H6">
      <value>MountingHole_Pad</value>
      <footprint>MountingHole:MountingHole_2.2mm_M2_Pad</footprint>
      <datasheet>~</datasheet>
      <libsource lib="Mechanical" part="MountingHole_Pad" description="Mounting Hole with connection"/>
      <sheetpath names="/" tstamps="/"/>
      <tstamp>5E50B5DC</tstamp>
    </comp>
    <comp ref="H7">
      <value>MountingHole_Pad</value>
      <footprint>MountingHole:MountingHole_2.2mm_M2_Pad</footprint>
      <datasheet>~</datasheet>
      <libsource lib="Mechanical" part="MountingHole_Pad" description="Mounting Hole with connection"/>
      <sheetpath names="/" tstamps="/"/>
      <tstamp>5E50B732</tstamp>
    </comp>
    <comp ref="L0">
      <value>ULED</value>
      <footprint>LED_SMD:LED_WS2812B_PLCC4_5.0x5.0mm_P3.2mm</footprint>
      <datasheet>https://cdn-shop.adafruit.com/datasheets/WS2812B.pdf</datasheet>
      <fields>
        <field name="LCSC">C114586</field>
      </fields>
      <libsource lib="LED" part="WS2812B" description="RGB LED with integrated controller"/>
      <sheetpath names="/" tstamps="/"/>
      <tstamp>5E4FC92F</tstamp>
    </comp>
    <comp ref="L1">
      <value>ULED</value>
      <footprint>LED_SMD:LED_WS2812B_PLCC4_5.0x5.0mm_P3.2mm</footprint>
      <datasheet>https://cdn-shop.adafruit.com/datasheets/WS2812B.pdf</datasheet>
      <fields>
        <field name="LCSC">C114586</field>
      </fields>
      <libsource lib="LED" part="WS2812B" description="RGB LED with integrated controller"/>
      <sheetpath names="/" tstamps="/"/>
      <tstamp>5E50B58C</tstamp>
    </comp>
    <comp ref="L2">
      <value>ULED</value>
      <footprint>LED_SMD:LED_WS2812B_PLCC4_5.0x5.0mm_P3.2mm</footprint>
      <datasheet>https://cdn-shop.adafruit.com/datasheets/WS2812B.pdf</datasheet>
      <fields>
        <field name="LCSC">C114586</field>
      </fields>
      <libsource lib="LED" part="WS2812B" description="RGB LED with integrated controller"/>
      <sheetpath names="/" tstamps="/"/>
      <tstamp>5E511D9D</tstamp>
    </comp>
    <comp ref="L3">
      <value>ULED</value>
      <footprint>LED_SMD:LED_WS2812B_PLCC4_5.0x5.0mm_P3.2mm</footprint>
      <datasheet>https://cdn-shop.adafruit.com/datasheets/WS2812B.pdf</datasheet>
      <fields>
        <field name="LCSC">C114586</field>
      </fields>
      <libsource lib="LED" part="WS2812B" description="RGB LED with integrated controller"/>
      <sheetpath names="/" tstamps="/"/>
      <tstamp>5E511DA3</tstamp>
    </comp>
    <comp ref="L4">
      <value>ULED</value>
      <footprint>LED_SMD:LED_WS2812B_PLCC4_5.0x5.0mm_P3.2mm</footprint>
      <datasheet>https://cdn-shop.adafruit.com/datasheets/WS2812B.pdf</datasheet>
      <fields>
        <field name="LCSC">C114586</field>
      </fields>
      <libsource lib="LED" part="WS2812B" description="RGB LED with integrated controller"/>
      <sheetpath names="/" tstamps="/"/>
      <tstamp>5E525206</tstamp>
    </comp>
    <comp ref="L5">
      <value>ULED</value>
      <footprint>LED_SMD:LED_WS2812B_PLCC4_5.0x5.0mm_P3.2mm</footprint>
      <datasheet>https://cdn-shop.adafruit.com/datasheets/WS2812B.pdf</datasheet>
      <fields>
        <field name="LCSC">C114586</field>
      </fields>
      <libsource lib="LED" part="WS2812B" description="RGB LED with integrated controller"/>
      <sheetpath names="/" tstamps="/"/>
      <tstamp>5E52520C</tstamp>
    </comp>
    <comp ref="L6">
      <value>ULED</value>
      <footprint>LED_SMD:LED_WS2812B_PLCC4_5.0x5.0mm_P3.2mm</footprint>
      <datasheet>https://cdn-shop.adafruit.com/datasheets/WS2812B.pdf</datasheet>
      <fields>
        <field name="LCSC">C114586</field>
      </fields>
      <libsource lib="LED" part="WS2812B" description="RGB LED with integrated controller"/>
      <sheetpath names="/" tstamps="/"/>
      <tstamp>5E525212</tstamp>
    </comp>
    <comp ref="L7">
      <value>ULED</value>
      <footprint>LED_SMD:LED_WS2812B_PLCC4_5.0x5.0mm_P3.2mm</footprint>
      <datasheet>https://cdn-shop.adafruit.com/datasheets/WS2812B.pdf</datasheet>
      <fields>
        <field name="LCSC">C114586</field>
      </fields>
      <libsource lib="LED" part="WS2812B" description="RGB LED with integrated controller"/>
      <sheetpath names="/" tstamps="/"/>
      <tstamp>5E525218</tstamp>
    </comp>
    <comp ref="L8">
      <value>ULED</value>
      <footprint>LED_SMD:LED_WS2812B_PLCC4_5.0x5.0mm_P3.2mm</footprint>
      <datasheet>https://cdn-shop.adafruit.com/datasheets/WS2812B.pdf</datasheet>
      <fields>
        <field name="LCSC">C114586</field>
      </fields>
      <libsource lib="LED" part="WS2812B" description="RGB LED with integrated controller"/>
      <sheetpath names="/" tstamps="/"/>
      <tstamp>5E52BF89</tstamp>
    </comp>
    <comp ref="L9">
      <value>ULED</value>
      <footprint>LED_SMD:LED_WS2812B_PLCC4_5.0x5.0mm_P3.2mm</footprint>
      <datasheet>https://cdn-shop.adafruit.com/datasheets/WS2812B.pdf</datasheet>
      <fields>
        <field name="LCSC">C114586</field>
      </fields>
      <libsource lib="LED" part="WS2812B" description="RGB LED with integrated controller"/>
      <sheetpath names="/" tstamps="/"/>
      <tstamp>5E52BF8F</tstamp>
    </comp>
    <comp ref="L10">
      <value>ULED</value>
      <footprint>LED_SMD:LED_WS2812B_PLCC4_5.0x5.0mm_P3.2mm</footprint>
      <datasheet>https://cdn-shop.adafruit.com/datasheets/WS2812B.pdf</datasheet>
      <fields>
        <field name="LCSC">C114586</field>
      </fields>
      <libsource lib="LED" part="WS2812B" description="RGB LED with integrated controller"/>
      <sheetpath names="/" tstamps="/"/>
      <tstamp>5E52BF95</tstamp>
    </comp>
    <comp ref="L11">
      <value>ULED</value>
      <footprint>LED_SMD:LED_WS2812B_PLCC4_5.0x5.0mm_P3.2mm</footprint>
      <datasheet>https://cdn-shop.adafruit.com/datasheets/WS2812B.pdf</datasheet>
      <fields>
        <field name="LCSC">C114586</field>
      </fields>
      <libsource lib="LED" part="WS2812B" description="RGB LED with integrated controller"/>
      <sheetpath names="/" tstamps="/"/>
      <tstamp>5E52BF9B</tstamp>
    </comp>
    <comp ref="L12">
      <value>ULED</value>
      <footprint>LED_SMD:LED_WS2812B_PLCC4_5.0x5.0mm_P3.2mm</footprint>
      <datasheet>https://cdn-shop.adafruit.com/datasheets/WS2812B.pdf</datasheet>
      <fields>
        <field name="LCSC">C114586</field>
      </fields>
      <libsource lib="LED" part="WS2812B" description="RGB LED with integrated controller"/>
      <sheetpath names="/" tstamps="/"/>
      <tstamp>5E52BFA1</tstamp>
    </comp>
    <comp ref="L13">
      <value>ULED</value>
      <footprint>LED_SMD:LED_WS2812B_PLCC4_5.0x5.0mm_P3.2mm</footprint>
      <datasheet>https://cdn-shop.adafruit.com/datasheets/WS2812B.pdf</datasheet>
      <fields>
        <field name="LCSC">C114586</field>
      </fields>
      <libsource lib="LED" part="WS2812B" description="RGB LED with integrated controller"/>
      <sheetpath names="/" tstamps="/"/>
      <tstamp>5E52BFA7</tstamp>
    </comp>
    <comp ref="L14">
      <value>ULED</value>
      <footprint>LED_SMD:LED_WS2812B_PLCC4_5.0x5.0mm_P3.2mm</footprint>
      <datasheet>https://cdn-shop.adafruit.com/datasheets/WS2812B.pdf</datasheet>
      <fields>
        <field name="LCSC">C114586</field>
      </fields>
      <libsource lib="LED" part="WS2812B" description="RGB LED with integrated controller"/>
      <sheetpath names="/" tstamps="/"/>
      <tstamp>5E52BFAD</tstamp>
    </comp>
    <comp ref="Z0">
      <value>0.1uf</value>
      <footprint>Capacitor_SMD:C_0805_2012Metric</footprint>
      <fields>
        <field name="LCSC">C282730</field>
      </fields>
      <libsource lib="HardLight-rescue" part="C_Small-device" description=""/>
      <sheetpath names="/" tstamps="/"/>
      <tstamp>5E539626</tstamp>
    </comp>
    <comp ref="Z1">
      <value>0.1uf</value>
      <footprint>Capacitor_SMD:C_0805_2012Metric</footprint>
      <fields>
        <field name="LCSC">C282730</field>
      </fields>
      <libsource lib="HardLight-rescue" part="C_Small-device" description=""/>
      <sheetpath names="/" tstamps="/"/>
      <tstamp>5E612D64</tstamp>
    </comp>
    <comp ref="Z2">
      <value>0.1uf</value>
      <footprint>Capacitor_SMD:C_0805_2012Metric</footprint>
      <fields>
        <field name="LCSC">C282730</field>
      </fields>
      <libsource lib="HardLight-rescue" part="C_Small-device" description=""/>
      <sheetpath names="/" tstamps="/"/>
      <tstamp>5E612EFE</tstamp>
    </comp>
    <comp ref="Z3">
      <value>0.1uf</value>
      <footprint>Capacitor_SMD:C_0805_2012Metric</footprint>
      <fields>
        <field name="LCSC">C282730</field>
      </fields>
      <libsource lib="HardLight-rescue" part="C_Small-device" description=""/>
      <sheetpath names="/" tstamps="/"/>
      <tstamp>5E61309A</tstamp>
    </comp>
    <comp ref="Z4">
      <value>0.1uf</value>
      <footprint>Capacitor_SMD:C_0805_2012Metric</footprint>
      <fields>
        <field name="LCSC">C282730</field>
      </fields>
      <libsource lib="HardLight-rescue" part="C_Small-device" description=""/>
      <sheetpath names="/" tstamps="/"/>
      <tstamp>5E6173E5</tstamp>
    </comp>
    <comp ref="Z5">
      <value>0.1uf</value>
      <footprint>Capacitor_SMD:C_0805_2012Metric</footprint>
      <fields>
        <field name="LCSC">C282730</field>
      </fields>
      <libsource lib="HardLight-rescue" part="C_Small-device" description=""/>
      <sheetpath names="/" tstamps="/"/>
      <tstamp>5E6173EB</tstamp>
    </comp>
    <comp ref="Z6">
      <value>0.1uf</value>
      <footprint>Capacitor_SMD:C_0805_2012Metric</footprint>
      <fields>
        <field name="LCSC">C282730</field>
      </fields>
      <libsource lib="HardLight-rescue" part="C_Small-device" description=""/>
      <sheetpath names="/" tstamps="/"/>
      <tstamp>5E6173F1</tstamp>
    </comp>
    <comp ref="Z7">
      <value>0.1uf</value>
      <footprint>Capacitor_SMD:C_0805_2012Metric</footprint>
      <fields>
        <field name="LCSC">C282730</field>
      </fields>
      <libsource lib="HardLight-rescue" part="C_Small-device" description=""/>
      <sheetpath names="/" tstamps="/"/>
      <tstamp>5E6173F7</tstamp>
    </comp>
    <comp ref="Z8">
      <value>0.1uf</value>
      <footprint>Capacitor_SMD:C_0805_2012Metric</footprint>
      <fields>
        <field name="LCSC">C282730</field>
      </fields>
      <libsource lib="HardLight-rescue" part="C_Small-device" description=""/>
      <sheetpath names="/" tstamps="/"/>
      <tstamp>5E624A16</tstamp>
    </comp>
    <comp ref="Z9">
      <value>0.1uf</value>
      <footprint>Capacitor_SMD:C_0805_2012Metric</footprint>
      <fields>
        <field name="LCSC">C282730</field>
      </fields>
      <libsource lib="HardLight-rescue" part="C_Small-device" description=""/>
      <sheetpath names="/" tstamps="/"/>
      <tstamp>5E624A1C</tstamp>
    </comp>
    <comp ref="Z10">
      <value>0.1uf</value>
      <footprint>Capacitor_SMD:C_0805_2012Metric</footprint>
      <fields>
        <field name="LCSC">C282730</field>
      </fields>
      <libsource lib="HardLight-rescue" part="C_Small-device" description=""/>
      <sheetpath names="/" tstamps="/"/>
      <tstamp>5E624A22</tstamp>
    </comp>
    <comp ref="Z11">
      <value>0.1uf</value>
      <footprint>Capacitor_SMD:C_0805_2012Metric</footprint>
      <fields>
        <field name="LCSC">C282730</field>
      </fields>
      <libsource lib="HardLight-rescue" part="C_Small-device" description=""/>
      <sheetpath names="/" tstamps="/"/>
      <tstamp>5E624A28</tstamp>
    </comp>
    <comp ref="Z12">
      <value>0.1uf</value>
      <footprint>Capacitor_SMD:C_0805_2012Metric</footprint>
      <fields>
        <field name="LCSC">C282730</field>
      </fields>
      <libsource lib="HardLight-rescue" part="C_Small-device" description=""/>
      <sheetpath names="/" tstamps="/"/>
      <tstamp>5E624A2E</tstamp>
    </comp>
    <comp ref="Z13">
      <value>0.1uf</value>
      <footprint>Capacitor_SMD:C_0805_2012Metric</footprint>
      <fields>
        <field name="LCSC">C282730</field>
      </fields>
      <libsource lib="HardLight-rescue" part="C_Small-device" description=""/>
      <sheetpath names="/" tstamps="/"/>
      <tstamp>5E624A34</tstamp>
    </comp>
    <comp ref="Z14">
      <value>0.1uf</value>
      <footprint>Capacitor_SMD:C_0805_2012Metric</footprint>
      <fields>
        <field name="LCSC">C282730</field>
      </fields>
      <libsource lib="HardLight-rescue" part="C_Small-device" description=""/>
      <sheetpath names="/" tstamps="/"/>
      <tstamp>5E624A3A</tstamp>
    </comp>
    <comp ref="K6">
      <value>KEYSW</value>
      <footprint>Keebio-Parts:MX-Alps-Choc-1U-NoLED</footprint>
      <libsource lib="HardLight-rescue" part="KEYSW-keyboard_parts" description=""/>
      <sheetpath names="/" tstamps="/"/>
      <tstamp>5E537FA4</tstamp>
    </comp>
    <comp ref="C7">
      <value>0.1uf</value>
      <footprint>Capacitor_SMD:C_0805_2012Metric</footprint>
      <fields>
        <field name="LCSC">C282730</field>
      </fields>
      <libsource lib="HardLight-rescue" part="C_Small-device" description=""/>
      <sheetpath names="/" tstamps="/"/>
      <tstamp>604EC5B1</tstamp>
    </comp>
    <comp ref="K1">
      <value>KEYSW</value>
      <footprint>Keebio-Parts:MX-Alps-Choc-1U-NoLED</footprint>
      <libsource lib="HardLight-rescue" part="KEYSW-keyboard_parts" description=""/>
      <sheetpath names="/" tstamps="/"/>
      <tstamp>5E5307F2</tstamp>
    </comp>
    <comp ref="G1">
      <value>EDI</value>
      <footprint>EDI:EDILogo</footprint>
      <libsource lib="Mechanical" part="Heatsink" description="Heatsink"/>
      <sheetpath names="/" tstamps="/"/>
      <tstamp>6073D9AD</tstamp>
    </comp>
    <comp ref="F0">
      <value>1A</value>
      <footprint>Fuse:Fuse_0805_2012Metric_Castellated</footprint>
      <datasheet>~</datasheet>
      <fields>
        <field name="LCSC">C89657</field>
      </fields>
      <libsource lib="Device" part="Polyfuse_Small" description="Resettable fuse, polymeric positive temperature coefficient, small symbol"/>
      <sheetpath names="/" tstamps="/"/>
      <tstamp>605B2FB3</tstamp>
    </comp>
    <comp ref="J0">
      <value>USB_C_Receptacle_USB2.0</value>
      <footprint>EDI:USB4085-GF-A</footprint>
      <datasheet>https://www.usb.org/sites/default/files/documents/usb_type-c.zip</datasheet>
      <libsource lib="Connector" part="USB_C_Receptacle_USB2.0" description="USB 2.0-only Type-C Receptacle connector"/>
      <sheetpath names="/" tstamps="/"/>
      <tstamp>605E38DD</tstamp>
    </comp>
    <comp ref="R3">
      <value>5K1</value>
      <footprint>Resistor_SMD:R_0805_2012Metric</footprint>
      <fields>
        <field name="LCSC">C26023</field>
      </fields>
      <libsource lib="HardLight-rescue" part="R_Small-device" description=""/>
      <sheetpath names="/" tstamps="/"/>
      <tstamp>6064A1CE</tstamp>
    </comp>
    <comp ref="R4">
      <value>5K1</value>
      <footprint>Resistor_SMD:R_0805_2012Metric</footprint>
      <fields>
        <field name="LCSC">C26023</field>
      </fields>
      <libsource lib="HardLight-rescue" part="R_Small-device" description=""/>
      <sheetpath names="/" tstamps="/"/>
      <tstamp>6064A933</tstamp>
    </comp>
    <comp ref="U0">
      <value>ATmega32U4-AU</value>
      <footprint>Package_QFP:TQFP-44_10x10mm_P0.8mm</footprint>
      <datasheet>http://ww1.microchip.com/downloads/en/DeviceDoc/Atmel-7766-8-bit-AVR-ATmega16U4-32U4_Datasheet.pdf</datasheet>
      <fields>
        <field name="LCSC">C44854</field>
      </fields>
      <libsource lib="MCU_Microchip_ATmega" part="ATmega32U4-AU" description="16MHz, 32kB Flash, 2.5kB SRAM, 1kB EEPROM, USB 2.0, TQFP-44"/>
      <sheetpath names="/" tstamps="/"/>
      <tstamp>6055D7E3</tstamp>
    </comp>
  </components>
  <libparts>
    <libpart lib="Connector" part="USB_C_Receptacle_USB2.0">
      <description>USB 2.0-only Type-C Receptacle connector</description>
      <docs>https://www.usb.org/sites/default/files/documents/usb_type-c.zip</docs>
      <footprints>
        <fp>USB*C*Receptacle*</fp>
      </footprints>
      <fields>
        <field name="Reference">J</field>
        <field name="Value">USB_C_Receptacle_USB2.0</field>
      </fields>
      <pins>
        <pin num="A1" name="GND" type="power_in"/>
        <pin num="A4" name="VBUS" type="power_in"/>
        <pin num="A5" name="CC1" type="BiDi"/>
        <pin num="A6" name="D+" type="BiDi"/>
        <pin num="A7" name="D-" type="BiDi"/>
        <pin num="A8" name="SBU1" type="BiDi"/>
        <pin num="A9" name="VBUS" type="passive"/>
        <pin num="A12" name="GND" type="passive"/>
        <pin num="B1" name="GND" type="passive"/>
        <pin num="B4" name="VBUS" type="passive"/>
        <pin num="B5" name="CC2" type="BiDi"/>
        <pin num="B6" name="D+" type="BiDi"/>
        <pin num="B7" name="D-" type="BiDi"/>
        <pin num="B8" name="SBU2" type="BiDi"/>
        <pin num="B9" name="VBUS" type="passive"/>
        <pin num="B12" name="GND" type="passive"/>
        <pin num="S1" name="SHIELD" type="passive"/>
      </pins>
    </libpart>
    <libpart lib="Connector_Generic" part="Conn_01x04">
      <description>Generic connector, single row, 01x04, script generated (kicad-library-utils/schlib/autogen/connector/)</description>
      <docs>~</docs>
      <footprints>
        <fp>Connector*:*_1x??_*</fp>
      </footprints>
      <fields>
        <field name="Reference">J</field>
        <field name="Value">Conn_01x04</field>
      </fields>
      <pins>
        <pin num="1" name="Pin_1" type="passive"/>
        <pin num="2" name="Pin_2" type="passive"/>
        <pin num="3" name="Pin_3" type="passive"/>
        <pin num="4" name="Pin_4" type="passive"/>
      </pins>
    </libpart>
    <libpart lib="Device" part="Polyfuse_Small">
      <description>Resettable fuse, polymeric positive temperature coefficient, small symbol</description>
      <docs>~</docs>
      <footprints>
        <fp>*polyfuse*</fp>
        <fp>*PTC*</fp>
      </footprints>
      <fields>
        <field name="Reference">F</field>
        <field name="Value">Polyfuse_Small</field>
      </fields>
      <pins>
        <pin num="1" name="~" type="passive"/>
        <pin num="2" name="~" type="passive"/>
      </pins>
    </libpart>
    <libpart lib="HardLight-rescue" part="C_Small-device">
      <footprints>
        <fp>C?</fp>
        <fp>C_????_*</fp>
        <fp>C_????</fp>
        <fp>SMD*_c</fp>
        <fp>Capacitor*</fp>
      </footprints>
      <fields>
        <field name="Reference">C</field>
        <field name="Value">C_Small-device</field>
      </fields>
      <pins>
        <pin num="1" name="~" type="passive"/>
        <pin num="2" name="~" type="passive"/>
      </pins>
    </libpart>
    <libpart lib="HardLight-rescue" part="Crystal_GND24_Small-Device">
      <footprints>
        <fp>Crystal*</fp>
      </footprints>
      <fields>
        <field name="Reference">Y</field>
        <field name="Value">Crystal_GND24_Small-Device</field>
      </fields>
      <pins>
        <pin num="1" name="1" type="passive"/>
        <pin num="2" name="2" type="passive"/>
        <pin num="3" name="3" type="passive"/>
        <pin num="4" name="4" type="passive"/>
      </pins>
    </libpart>
    <libpart lib="HardLight-rescue" part="D-device">
      <footprints>
        <fp>Diode_*</fp>
        <fp>D-Pak_TO252AA</fp>
        <fp>*SingleDiode</fp>
        <fp>*_Diode_*</fp>
        <fp>*SingleDiode*</fp>
      </footprints>
      <fields>
        <field name="Reference">D</field>
        <field name="Value">D-device</field>
      </fields>
      <pins>
        <pin num="1" name="K" type="passive"/>
        <pin num="2" name="A" type="passive"/>
      </pins>
    </libpart>
    <libpart lib="HardLight-rescue" part="KEYSW-keyboard_parts">
      <fields>
        <field name="Reference">K?</field>
        <field name="Value">KEYSW-keyboard_parts</field>
      </fields>
      <pins>
        <pin num="1" name="~" type="passive"/>
        <pin num="2" name="~" type="passive"/>
      </pins>
    </libpart>
    <libpart lib="HardLight-rescue" part="R_Small-device">
      <footprints>
        <fp>Resistor_*</fp>
        <fp>R_*</fp>
      </footprints>
      <fields>
        <field name="Reference">R</field>
        <field name="Value">R_Small-device</field>
      </fields>
      <pins>
        <pin num="1" name="~" type="passive"/>
        <pin num="2" name="~" type="passive"/>
      </pins>
    </libpart>
    <libpart lib="HardLight-rescue" part="SW_PUSH-device">
      <fields>
        <field name="Reference">SW</field>
        <field name="Value">SW_PUSH-device</field>
      </fields>
      <pins>
        <pin num="1" name="1" type="passive"/>
        <pin num="2" name="2" type="passive"/>
      </pins>
    </libpart>
    <libpart lib="LED" part="WS2812B">
      <description>RGB LED with integrated controller</description>
      <docs>https://cdn-shop.adafruit.com/datasheets/WS2812B.pdf</docs>
      <footprints>
        <fp>LED*WS2812*PLCC*5.0x5.0mm*P3.2mm*</fp>
      </footprints>
      <fields>
        <field name="Reference">D</field>
        <field name="Value">WS2812B</field>
        <field name="Footprint">LED_SMD:LED_WS2812B_PLCC4_5.0x5.0mm_P3.2mm</field>
      </fields>
      <pins>
        <pin num="1" name="VDD" type="power_in"/>
        <pin num="2" name="DOUT" type="output"/>
        <pin num="3" name="VSS" type="power_in"/>
        <pin num="4" name="DIN" type="input"/>
      </pins>
    </libpart>
    <libpart lib="MCU_Microchip_ATmega" part="ATmega16U4-AU">
      <aliases>
        <alias>ATmega16U4RC-AU</alias>
        <alias>ATmega32U4-AU</alias>
        <alias>ATmega32U4RC-AU</alias>
      </aliases>
      <description>16MHz, 16kB Flash, 1.25kB SRAM, 512B EEPROM, USB 2.0, TQFP-44</description>
      <docs>http://ww1.microchip.com/downloads/en/DeviceDoc/Atmel-7766-8-bit-AVR-ATmega16U4-32U4_Datasheet.pdf</docs>
      <footprints>
        <fp>TQFP*10x10mm*P0.8mm*</fp>
      </footprints>
      <fields>
        <field name="Reference">U</field>
        <field name="Value">ATmega16U4-AU</field>
        <field name="Footprint">Package_QFP:TQFP-44_10x10mm_P0.8mm</field>
      </fields>
      <pins>
        <pin num="1" name="PE6" type="BiDi"/>
        <pin num="2" name="UVCC" type="power_in"/>
        <pin num="3" name="D-" type="BiDi"/>
        <pin num="4" name="D+" type="BiDi"/>
        <pin num="5" name="UGND" type="passive"/>
        <pin num="6" name="UCAP" type="passive"/>
        <pin num="7" name="VBUS" type="input"/>
        <pin num="8" name="PB0" type="BiDi"/>
        <pin num="9" name="PB1" type="BiDi"/>
        <pin num="10" name="PB2" type="BiDi"/>
        <pin num="11" name="PB3" type="BiDi"/>
        <pin num="12" name="PB7" type="BiDi"/>
        <pin num="13" name="~RESET" type="input"/>
        <pin num="14" name="VCC" type="power_in"/>
        <pin num="15" name="GND" type="power_in"/>
        <pin num="16" name="XTAL2" type="output"/>
        <pin num="17" name="XTAL1" type="input"/>
        <pin num="18" name="PD0" type="BiDi"/>
        <pin num="19" name="PD1" type="BiDi"/>
        <pin num="20" name="PD2" type="BiDi"/>
        <pin num="21" name="PD3" type="BiDi"/>
        <pin num="22" name="PD5" type="BiDi"/>
        <pin num="23" name="GND" type="passive"/>
        <pin num="24" name="AVCC" type="power_in"/>
        <pin num="25" name="PD4" type="BiDi"/>
        <pin num="26" name="PD6" type="BiDi"/>
        <pin num="27" name="PD7" type="BiDi"/>
        <pin num="28" name="PB4" type="BiDi"/>
        <pin num="29" name="PB5" type="BiDi"/>
        <pin num="30" name="PB6" type="BiDi"/>
        <pin num="31" name="PC6" type="BiDi"/>
        <pin num="32" name="PC7" type="BiDi"/>
        <pin num="33" name="~HWB~/PE2" type="BiDi"/>
        <pin num="34" name="VCC" type="passive"/>
        <pin num="35" name="GND" type="passive"/>
        <pin num="36" name="PF7" type="BiDi"/>
        <pin num="37" name="PF6" type="BiDi"/>
        <pin num="38" name="PF5" type="BiDi"/>
        <pin num="39" name="PF4" type="BiDi"/>
        <pin num="40" name="PF1" type="BiDi"/>
        <pin num="41" name="PF0" type="BiDi"/>
        <pin num="42" name="AREF" type="passive"/>
        <pin num="43" name="GND" type="passive"/>
        <pin num="44" name="AVCC" type="passive"/>
      </pins>
    </libpart>
    <libpart lib="Mechanical" part="Heatsink">
      <description>Heatsink</description>
      <docs>~</docs>
      <footprints>
        <fp>Heatsink_*</fp>
      </footprints>
      <fields>
        <field name="Reference">HS</field>
        <field name="Value">Heatsink</field>
      </fields>
    </libpart>
    <libpart lib="Mechanical" part="MountingHole_Pad">
      <description>Mounting Hole with connection</description>
      <docs>~</docs>
      <footprints>
        <fp>MountingHole*Pad*</fp>
      </footprints>
      <fields>
        <field name="Reference">H</field>
        <field name="Value">MountingHole_Pad</field>
      </fields>
      <pins>
        <pin num="1" name="1" type="input"/>
      </pins>
    </libpart>
  </libparts>
  <libraries>
    <library logical="Connector">
      <uri>C:\Program Files\KiCad\share\kicad\library/Connector.lib</uri>
    </library>
    <library logical="Connector_Generic">
      <uri>C:\Program Files\KiCad\share\kicad\library/Connector_Generic.lib</uri>
    </library>
    <library logical="Device">
      <uri>C:\Program Files\KiCad\share\kicad\library/Device.lib</uri>
    </library>
    <library logical="HardLight-rescue">
      <uri>A:\Documents\GitHub\hardlight\Mk 1/HardLight-rescue.lib</uri>
    </library>
    <library logical="LED">
      <uri>C:\Program Files\KiCad\share\kicad\library/LED.lib</uri>
    </library>
    <library logical="MCU_Microchip_ATmega">
      <uri>C:\Program Files\KiCad\share\kicad\library/MCU_Microchip_ATmega.lib</uri>
    </library>
    <library logical="Mechanical">
      <uri>C:\Program Files\KiCad\share\kicad\library/Mechanical.lib</uri>
    </library>
  </libraries>
  <nets>
    <net code="1" name="GND">
      <node ref="H2" pin="1"/>
      <node ref="Z2" pin="1"/>
      <node ref="H0" pin="1"/>
      <node ref="L8" pin="3"/>
      <node ref="Z3" pin="1"/>
      <node ref="Z4" pin="1"/>
      <node ref="Z5" pin="1"/>
      <node ref="Z6" pin="1"/>
      <node ref="H1" pin="1"/>
      <node ref="Z7" pin="1"/>
      <node ref="H3" pin="1"/>
      <node ref="L9" pin="3"/>
      <node ref="SW0" pin="2"/>
      <node ref="L1" pin="3"/>
      <node ref="L12" pin="3"/>
      <node ref="L2" pin="3"/>
      <node ref="L10" pin="3"/>
      <node ref="L3" pin="3"/>
      <node ref="L11" pin="3"/>
      <node ref="L4" pin="3"/>
      <node ref="L13" pin="3"/>
      <node ref="L14" pin="3"/>
      <node ref="L5" pin="3"/>
      <node ref="Z0" pin="1"/>
      <node ref="L6" pin="3"/>
      <node ref="L7" pin="3"/>
      <node ref="Z1" pin="1"/>
      <node ref="J0" pin="S1"/>
      <node ref="L0" pin="3"/>
      <node ref="U0" pin="15"/>
      <node ref="R3" pin="2"/>
      <node ref="R4" pin="2"/>
      <node ref="U0" pin="5"/>
      <node ref="U0" pin="43"/>
      <node ref="C7" pin="2"/>
      <node ref="U0" pin="35"/>
      <node ref="U0" pin="23"/>
      <node ref="J0" pin="A12"/>
      <node ref="J0" pin="A1"/>
      <node ref="H4" pin="1"/>
      <node ref="H5" pin="1"/>
      <node ref="H6" pin="1"/>
      <node ref="J0" pin="B1"/>
      <node ref="J0" pin="B12"/>
      <node ref="H7" pin="1"/>
      <node ref="Z10" pin="1"/>
      <node ref="Z13" pin="1"/>
      <node ref="Z12" pin="1"/>
      <node ref="Z11" pin="1"/>
      <node ref="J1" pin="4"/>
      <node ref="Z9" pin="1"/>
      <node ref="C1" pin="1"/>
      <node ref="Z8" pin="1"/>
      <node ref="C2" pin="1"/>
      <node ref="Y0" pin="4"/>
      <node ref="C6" pin="2"/>
      <node ref="C5" pin="2"/>
      <node ref="C4" pin="2"/>
      <node ref="C3" pin="2"/>
      <node ref="R0" pin="1"/>
      <node ref="Y0" pin="2"/>
      <node ref="Z14" pin="1"/>
      <node ref="C0" pin="2"/>
    </net>
    <net code="2" name="row2">
      <node ref="D31" pin="1"/>
      <node ref="D29" pin="1"/>
      <node ref="D27" pin="1"/>
      <node ref="D25" pin="1"/>
      <node ref="U0" pin="10"/>
      <node ref="D23" pin="1"/>
      <node ref="D21" pin="1"/>
      <node ref="D17" pin="1"/>
      <node ref="D19" pin="1"/>
    </net>
    <net code="3" name="Net-(R5-Pad2)">
      <node ref="U0" pin="13"/>
      <node ref="SW0" pin="1"/>
      <node ref="R5" pin="2"/>
    </net>
    <net code="4" name="row0">
      <node ref="D3" pin="1"/>
      <node ref="D5" pin="1"/>
      <node ref="D7" pin="1"/>
      <node ref="U0" pin="8"/>
      <node ref="D1" pin="1"/>
      <node ref="D9" pin="1"/>
      <node ref="D13" pin="1"/>
      <node ref="D11" pin="1"/>
      <node ref="D15" pin="1"/>
    </net>
    <net code="5" name="Net-(L7-Pad2)">
      <node ref="L7" pin="2"/>
      <node ref="L8" pin="4"/>
    </net>
    <net code="6" name="Net-(L8-Pad2)">
      <node ref="L8" pin="2"/>
      <node ref="L9" pin="4"/>
    </net>
    <net code="7" name="Net-(L10-Pad4)">
      <node ref="L9" pin="2"/>
      <node ref="L10" pin="4"/>
    </net>
    <net code="8" name="Net-(L10-Pad2)">
      <node ref="L11" pin="4"/>
      <node ref="L10" pin="2"/>
    </net>
    <net code="9" name="Net-(L11-Pad2)">
      <node ref="L12" pin="4"/>
      <node ref="L11" pin="2"/>
    </net>
    <net code="10" name="Net-(L12-Pad2)">
      <node ref="L12" pin="2"/>
      <node ref="L13" pin="4"/>
    </net>
    <net code="11" name="Net-(L14-Pad2)">
      <node ref="L14" pin="2"/>
    </net>
    <net code="12" name="Net-(L13-Pad2)">
      <node ref="L14" pin="4"/>
      <node ref="L13" pin="2"/>
    </net>
    <net code="13" name="+5V">
      <node ref="R7" pin="2"/>
      <node ref="U0" pin="44"/>
      <node ref="U0" pin="7"/>
      <node ref="R6" pin="1"/>
      <node ref="C6" pin="1"/>
      <node ref="U0" pin="34"/>
      <node ref="R5" pin="1"/>
      <node ref="L8" pin="1"/>
      <node ref="U0" pin="24"/>
      <node ref="U0" pin="2"/>
      <node ref="L4" pin="1"/>
      <node ref="J1" pin="3"/>
      <node ref="L3" pin="1"/>
      <node ref="L0" pin="1"/>
      <node ref="L5" pin="1"/>
      <node ref="L2" pin="1"/>
      <node ref="U0" pin="14"/>
      <node ref="L6" pin="1"/>
      <node ref="L7" pin="1"/>
      <node ref="L1" pin="1"/>
      <node ref="C4" pin="1"/>
      <node ref="C5" pin="1"/>
      <node ref="Z6" pin="2"/>
      <node ref="Z5" pin="2"/>
      <node ref="Z4" pin="2"/>
      <node ref="Z3" pin="2"/>
      <node ref="F0" pin="2"/>
      <node ref="L14" pin="1"/>
      <node ref="Z7" pin="2"/>
      <node ref="L9" pin="1"/>
      <node ref="L10" pin="1"/>
      <node ref="L11" pin="1"/>
      <node ref="L12" pin="1"/>
      <node ref="C3" pin="1"/>
      <node ref="L13" pin="1"/>
      <node ref="Z9" pin="2"/>
      <node ref="C7" pin="1"/>
      <node ref="Z8" pin="2"/>
      <node ref="Z12" pin="2"/>
      <node ref="Z0" pin="2"/>
      <node ref="Z2" pin="2"/>
      <node ref="Z14" pin="2"/>
      <node ref="Z13" pin="2"/>
      <node ref="Z11" pin="2"/>
      <node ref="Z1" pin="2"/>
      <node ref="Z10" pin="2"/>
    </net>
    <net code="14" name="Net-(L0-Pad2)">
      <node ref="L0" pin="2"/>
      <node ref="L1" pin="4"/>
    </net>
    <net code="15" name="Net-(L1-Pad2)">
      <node ref="L1" pin="2"/>
      <node ref="L2" pin="4"/>
    </net>
    <net code="16" name="Net-(L2-Pad2)">
      <node ref="L3" pin="4"/>
      <node ref="L2" pin="2"/>
    </net>
    <net code="17" name="Net-(L3-Pad2)">
      <node ref="L3" pin="2"/>
      <node ref="L4" pin="4"/>
    </net>
    <net code="18" name="Net-(L4-Pad2)">
      <node ref="L5" pin="4"/>
      <node ref="L4" pin="2"/>
    </net>
    <net code="19" name="Net-(L5-Pad2)">
      <node ref="L6" pin="4"/>
      <node ref="L5" pin="2"/>
    </net>
    <net code="20" name="Net-(L6-Pad2)">
      <node ref="L6" pin="2"/>
      <node ref="L7" pin="4"/>
    </net>
    <net code="21" name="Net-(J0-PadA8)">
      <node ref="J0" pin="A8"/>
    </net>
    <net code="22" name="Net-(J0-PadB8)">
      <node ref="J0" pin="B8"/>
    </net>
    <net code="23" name="Net-(J0-PadB5)">
      <node ref="R3" pin="1"/>
      <node ref="J0" pin="B5"/>
    </net>
    <net code="24" name="Net-(J0-PadA5)">
      <node ref="J0" pin="A5"/>
      <node ref="R4" pin="1"/>
    </net>
    <net code="25" name="Net-(D1-Pad2)">
      <node ref="D1" pin="2"/>
      <node ref="K1" pin="1"/>
    </net>
    <net code="26" name="5vIN">
      <node ref="J0" pin="B4"/>
      <node ref="J0" pin="B9"/>
      <node ref="J0" pin="A9"/>
      <node ref="F0" pin="1"/>
      <node ref="J0" pin="A4"/>
    </net>
    <net code="27" name="row4">
      <node ref="D35" pin="1"/>
      <node ref="D33" pin="1"/>
      <node ref="D37" pin="1"/>
      <node ref="D43" pin="1"/>
      <node ref="D47" pin="1"/>
      <node ref="D41" pin="1"/>
      <node ref="U0" pin="25"/>
      <node ref="D39" pin="1"/>
      <node ref="D45" pin="1"/>
    </net>
    <net code="28" name="row5">
      <node ref="D38" pin="1"/>
      <node ref="D48" pin="1"/>
      <node ref="D40" pin="1"/>
      <node ref="U0" pin="26"/>
      <node ref="D36" pin="1"/>
      <node ref="D34" pin="1"/>
      <node ref="D46" pin="1"/>
      <node ref="D42" pin="1"/>
      <node ref="D44" pin="1"/>
    </net>
    <net code="29" name="row6">
      <node ref="D61" pin="1"/>
      <node ref="D63" pin="1"/>
      <node ref="D49" pin="1"/>
      <node ref="U0" pin="27"/>
      <node ref="D59" pin="1"/>
      <node ref="D57" pin="1"/>
      <node ref="D55" pin="1"/>
      <node ref="D53" pin="1"/>
      <node ref="D51" pin="1"/>
    </net>
    <net code="30" name="row7">
      <node ref="D62" pin="1"/>
      <node ref="D54" pin="1"/>
      <node ref="D56" pin="1"/>
      <node ref="D52" pin="1"/>
      <node ref="D50" pin="1"/>
      <node ref="D64" pin="1"/>
      <node ref="U0" pin="28"/>
      <node ref="D60" pin="1"/>
      <node ref="D58" pin="1"/>
    </net>
    <net code="31" name="B6">
      <node ref="U0" pin="30"/>
    </net>
    <net code="32" name="C6">
      <node ref="U0" pin="31"/>
    </net>
    <net code="33" name="Net-(R0-Pad2)">
      <node ref="R0" pin="2"/>
      <node ref="U0" pin="33"/>
    </net>
    <net code="34" name="row9">
      <node ref="U0" pin="22"/>
    </net>
    <net code="35" name="AREF">
      <node ref="U0" pin="42"/>
    </net>
    <net code="36" name="Net-(C0-Pad1)">
      <node ref="C0" pin="1"/>
      <node ref="U0" pin="6"/>
    </net>
    <net code="37" name="TD-">
      <node ref="J0" pin="B7"/>
      <node ref="R2" pin="1"/>
      <node ref="J0" pin="A7"/>
    </net>
    <net code="38" name="TD+">
      <node ref="J0" pin="A6"/>
      <node ref="R1" pin="1"/>
      <node ref="J0" pin="B6"/>
    </net>
    <net code="39" name="B7">
      <node ref="U0" pin="12"/>
    </net>
    <net code="40" name="D2">
      <node ref="U0" pin="20"/>
    </net>
    <net code="41" name="D3">
      <node ref="U0" pin="21"/>
    </net>
    <net code="42" name="row3">
      <node ref="D24" pin="1"/>
      <node ref="U0" pin="11"/>
      <node ref="D22" pin="1"/>
      <node ref="D18" pin="1"/>
      <node ref="D30" pin="1"/>
      <node ref="D26" pin="1"/>
      <node ref="D28" pin="1"/>
      <node ref="D32" pin="1"/>
      <node ref="D20" pin="1"/>
    </net>
    <net code="43" name="row1">
      <node ref="D16" pin="1"/>
      <node ref="D12" pin="1"/>
      <node ref="D10" pin="1"/>
      <node ref="U0" pin="9"/>
      <node ref="D8" pin="1"/>
      <node ref="D6" pin="1"/>
      <node ref="D14" pin="1"/>
      <node ref="D4" pin="1"/>
      <node ref="D2" pin="1"/>
    </net>
    <net code="44" name="Net-(D6-Pad2)">
      <node ref="D6" pin="2"/>
      <node ref="K6" pin="1"/>
    </net>
    <net code="45" name="Net-(D5-Pad2)">
      <node ref="K5" pin="1"/>
      <node ref="D5" pin="2"/>
    </net>
    <net code="46" name="col0">
      <node ref="K50" pin="2"/>
      <node ref="K1" pin="2"/>
      <node ref="K33" pin="2"/>
      <node ref="K2" pin="2"/>
      <node ref="K18" pin="2"/>
      <node ref="K17" pin="2"/>
      <node ref="U0" pin="1"/>
      <node ref="K34" pin="2"/>
      <node ref="K49" pin="2"/>
    </net>
    <net code="47" name="col1">
      <node ref="K3" pin="2"/>
      <node ref="U0" pin="41"/>
      <node ref="K4" pin="2"/>
      <node ref="K19" pin="2"/>
      <node ref="K20" pin="2"/>
      <node ref="K35" pin="2"/>
      <node ref="K36" pin="2"/>
      <node ref="K51" pin="2"/>
      <node ref="K52" pin="2"/>
    </net>
    <net code="48" name="Net-(D7-Pad2)">
      <node ref="D7" pin="2"/>
      <node ref="K7" pin="1"/>
    </net>
    <net code="49" name="Net-(D8-Pad2)">
      <node ref="K8" pin="1"/>
      <node ref="D8" pin="2"/>
    </net>
    <net code="50" name="Net-(D21-Pad2)">
      <node ref="D21" pin="2"/>
      <node ref="K21" pin="1"/>
    </net>
    <net code="51" name="INTERCEPT">
      <node ref="K50" pin="1"/>
      <node ref="D50" pin="2"/>
    </net>
    <net code="52" name="Net-(D34-Pad2)">
      <node ref="K34" pin="1"/>
      <node ref="D34" pin="2"/>
    </net>
    <net code="53" name="Net-(D35-Pad2)">
      <node ref="D35" pin="2"/>
      <node ref="K35" pin="1"/>
    </net>
    <net code="54" name="Net-(D36-Pad2)">
      <node ref="D36" pin="2"/>
      <node ref="K36" pin="1"/>
    </net>
    <net code="55" name="Net-(D49-Pad2)">
      <node ref="K49" pin="1"/>
      <node ref="D49" pin="2"/>
    </net>
    <net code="56" name="Net-(D51-Pad2)">
      <node ref="K51" pin="1"/>
      <node ref="D51" pin="2"/>
    </net>
    <net code="57" name="Net-(D52-Pad2)">
      <node ref="K52" pin="1"/>
      <node ref="D52" pin="2"/>
    </net>
    <net code="58" name="Net-(D53-Pad2)">
      <node ref="K53" pin="1"/>
      <node ref="D53" pin="2"/>
    </net>
    <net code="59" name="Net-(D54-Pad2)">
      <node ref="K54" pin="1"/>
      <node ref="D54" pin="2"/>
    </net>
    <net code="60" name="Net-(D55-Pad2)">
      <node ref="D55" pin="2"/>
      <node ref="K55" pin="1"/>
    </net>
    <net code="61" name="Net-(D56-Pad2)">
      <node ref="D56" pin="2"/>
      <node ref="K56" pin="1"/>
    </net>
    <net code="62" name="col2">
      <node ref="K53" pin="2"/>
      <node ref="K22" pin="2"/>
      <node ref="K37" pin="2"/>
      <node ref="K21" pin="2"/>
      <node ref="K38" pin="2"/>
      <node ref="K5" pin="2"/>
      <node ref="U0" pin="40"/>
      <node ref="K54" pin="2"/>
      <node ref="K6" pin="2"/>
    </net>
    <net code="63" name="col3">
      <node ref="K40" pin="2"/>
      <node ref="K24" pin="2"/>
      <node ref="K56" pin="2"/>
      <node ref="K7" pin="2"/>
      <node ref="K39" pin="2"/>
      <node ref="U0" pin="39"/>
      <node ref="K55" pin="2"/>
      <node ref="K8" pin="2"/>
      <node ref="K23" pin="2"/>
    </net>
    <net code="64" name="Net-(D9-Pad2)">
      <node ref="K9" pin="1"/>
      <node ref="D9" pin="2"/>
    </net>
    <net code="65" name="Net-(D22-Pad2)">
      <node ref="D22" pin="2"/>
      <node ref="K22" pin="1"/>
    </net>
    <net code="66" name="Net-(D23-Pad2)">
      <node ref="D23" pin="2"/>
      <node ref="K23" pin="1"/>
    </net>
    <net code="67" name="Net-(D24-Pad2)">
      <node ref="D24" pin="2"/>
      <node ref="K24" pin="1"/>
    </net>
    <net code="68" name="Net-(D37-Pad2)">
      <node ref="D37" pin="2"/>
      <node ref="K37" pin="1"/>
    </net>
    <net code="69" name="Net-(D38-Pad2)">
      <node ref="D38" pin="2"/>
      <node ref="K38" pin="1"/>
    </net>
    <net code="70" name="Net-(D39-Pad2)">
      <node ref="D39" pin="2"/>
      <node ref="K39" pin="1"/>
    </net>
    <net code="71" name="Net-(D40-Pad2)">
      <node ref="K40" pin="1"/>
      <node ref="D40" pin="2"/>
    </net>
    <net code="72" name="Net-(C2-Pad2)">
      <node ref="C2" pin="2"/>
      <node ref="Y0" pin="1"/>
      <node ref="U0" pin="17"/>
    </net>
    <net code="73" name="Net-(C1-Pad2)">
      <node ref="Y0" pin="3"/>
      <node ref="U0" pin="16"/>
      <node ref="C1" pin="2"/>
    </net>
    <net code="74" name="SDA">
      <node ref="U0" pin="19"/>
      <node ref="J1" pin="1"/>
      <node ref="R6" pin="2"/>
    </net>
    <net code="75" name="SCL">
      <node ref="U0" pin="18"/>
      <node ref="R7" pin="1"/>
      <node ref="J1" pin="2"/>
    </net>
    <net code="76" name="D-">
      <node ref="U0" pin="3"/>
      <node ref="R2" pin="2"/>
    </net>
    <net code="77" name="D+">
      <node ref="U0" pin="4"/>
      <node ref="R1" pin="2"/>
    </net>
    <net code="78" name="Net-(D2-Pad2)">
      <node ref="D2" pin="2"/>
      <node ref="K2" pin="1"/>
    </net>
    <net code="79" name="Net-(D3-Pad2)">
      <node ref="D3" pin="2"/>
      <node ref="K3" pin="1"/>
    </net>
    <net code="80" name="Net-(D4-Pad2)">
      <node ref="K4" pin="1"/>
      <node ref="D4" pin="2"/>
    </net>
    <net code="81" name="Net-(D17-Pad2)">
      <node ref="D17" pin="2"/>
      <node ref="K17" pin="1"/>
    </net>
    <net code="82" name="Net-(D18-Pad2)">
      <node ref="D18" pin="2"/>
      <node ref="K18" pin="1"/>
    </net>
    <net code="83" name="Net-(D19-Pad2)">
      <node ref="D19" pin="2"/>
      <node ref="K19" pin="1"/>
    </net>
    <net code="84" name="Net-(D20-Pad2)">
      <node ref="K20" pin="1"/>
      <node ref="D20" pin="2"/>
    </net>
    <net code="85" name="Net-(D33-Pad2)">
      <node ref="D33" pin="2"/>
      <node ref="K33" pin="1"/>
    </net>
    <net code="86" name="col7">
      <node ref="K16" pin="2"/>
      <node ref="K64" pin="2"/>
      <node ref="U0" pin="29"/>
      <node ref="K47" pin="2"/>
      <node ref="K31" pin="2"/>
      <node ref="K32" pin="2"/>
      <node ref="K63" pin="2"/>
      <node ref="K48" pin="2"/>
      <node ref="K15" pin="2"/>
    </net>
    <net code="87" name="Net-(D47-Pad2)">
      <node ref="K47" pin="1"/>
      <node ref="D47" pin="2"/>
    </net>
    <net code="88" name="Net-(D48-Pad2)">
      <node ref="D48" pin="2"/>
      <node ref="K48" pin="1"/>
    </net>
    <net code="89" name="Net-(D61-Pad2)">
      <node ref="K61" pin="1"/>
      <node ref="D61" pin="2"/>
    </net>
    <net code="90" name="Net-(D62-Pad2)">
      <node ref="D62" pin="2"/>
      <node ref="K62" pin="1"/>
    </net>
    <net code="91" name="Net-(D63-Pad2)">
      <node ref="K63" pin="1"/>
      <node ref="D63" pin="2"/>
    </net>
    <net code="92" name="Net-(D64-Pad2)">
      <node ref="D64" pin="2"/>
      <node ref="K64" pin="1"/>
    </net>
    <net code="93" name="col6">
      <node ref="U0" pin="36"/>
      <node ref="K30" pin="2"/>
      <node ref="K45" pin="2"/>
      <node ref="K46" pin="2"/>
      <node ref="K61" pin="2"/>
      <node ref="K13" pin="2"/>
      <node ref="K14" pin="2"/>
      <node ref="K29" pin="2"/>
      <node ref="K62" pin="2"/>
    </net>
    <net code="94" name="LED">
      <node ref="U0" pin="32"/>
      <node ref="L0" pin="4"/>
    </net>
    <net code="95" name="Net-(D57-Pad2)">
      <node ref="K57" pin="1"/>
      <node ref="D57" pin="2"/>
    </net>
    <net code="96" name="Net-(D41-Pad2)">
      <node ref="K41" pin="1"/>
      <node ref="D41" pin="2"/>
    </net>
    <net code="97" name="Net-(D42-Pad2)">
      <node ref="K42" pin="1"/>
      <node ref="D42" pin="2"/>
    </net>
    <net code="98" name="Net-(D43-Pad2)">
      <node ref="D43" pin="2"/>
      <node ref="K43" pin="1"/>
    </net>
    <net code="99" name="Net-(D44-Pad2)">
      <node ref="D44" pin="2"/>
      <node ref="K44" pin="1"/>
    </net>
    <net code="100" name="Net-(D58-Pad2)">
      <node ref="K58" pin="1"/>
      <node ref="D58" pin="2"/>
    </net>
    <net code="101" name="Net-(D59-Pad2)">
      <node ref="K59" pin="1"/>
      <node ref="D59" pin="2"/>
    </net>
    <net code="102" name="Net-(D60-Pad2)">
      <node ref="K60" pin="1"/>
      <node ref="D60" pin="2"/>
    </net>
    <net code="103" name="Net-(D10-Pad2)">
      <node ref="K10" pin="1"/>
      <node ref="D10" pin="2"/>
    </net>
    <net code="104" name="Net-(D11-Pad2)">
      <node ref="K11" pin="1"/>
      <node ref="D11" pin="2"/>
    </net>
    <net code="105" name="Net-(D12-Pad2)">
      <node ref="K12" pin="1"/>
      <node ref="D12" pin="2"/>
    </net>
    <net code="106" name="Net-(D25-Pad2)">
      <node ref="K25" pin="1"/>
      <node ref="D25" pin="2"/>
    </net>
    <net code="107" name="Net-(D26-Pad2)">
      <node ref="D26" pin="2"/>
      <node ref="K26" pin="1"/>
    </net>
    <net code="108" name="col4">
      <node ref="K41" pin="2"/>
      <node ref="K9" pin="2"/>
      <node ref="K57" pin="2"/>
      <node ref="K58" pin="2"/>
      <node ref="K42" pin="2"/>
      <node ref="K25" pin="2"/>
      <node ref="K26" pin="2"/>
      <node ref="U0" pin="38"/>
      <node ref="K10" pin="2"/>
    </net>
    <net code="109" name="Net-(D27-Pad2)">
      <node ref="K27" pin="1"/>
      <node ref="D27" pin="2"/>
    </net>
    <net code="110" name="Net-(D28-Pad2)">
      <node ref="D28" pin="2"/>
      <node ref="K28" pin="1"/>
    </net>
    <net code="111" name="col5">
      <node ref="K60" pin="2"/>
      <node ref="K12" pin="2"/>
      <node ref="K11" pin="2"/>
      <node ref="K43" pin="2"/>
      <node ref="K59" pin="2"/>
      <node ref="K28" pin="2"/>
      <node ref="K27" pin="2"/>
      <node ref="K44" pin="2"/>
      <node ref="U0" pin="37"/>
    </net>
    <net code="112" name="Net-(D15-Pad2)">
      <node ref="D15" pin="2"/>
      <node ref="K15" pin="1"/>
    </net>
    <net code="113" name="Net-(D16-Pad2)">
      <node ref="K16" pin="1"/>
      <node ref="D16" pin="2"/>
    </net>
    <net code="114" name="Net-(D29-Pad2)">
      <node ref="K29" pin="1"/>
      <node ref="D29" pin="2"/>
    </net>
    <net code="115" name="Net-(D30-Pad2)">
      <node ref="D30" pin="2"/>
      <node ref="K30" pin="1"/>
    </net>
    <net code="116" name="Net-(D31-Pad2)">
      <node ref="D31" pin="2"/>
      <node ref="K31" pin="1"/>
    </net>
    <net code="117" name="Net-(D32-Pad2)">
      <node ref="D32" pin="2"/>
      <node ref="K32" pin="1"/>
    </net>
    <net code="118" name="Net-(D45-Pad2)">
      <node ref="K45" pin="1"/>
      <node ref="D45" pin="2"/>
    </net>
    <net code="119" name="Net-(D46-Pad2)">
      <node ref="K46" pin="1"/>
      <node ref="D46" pin="2"/>
    </net>
    <net code="120" name="Net-(D13-Pad2)">
      <node ref="D13" pin="2"/>
      <node ref="K13" pin="1"/>
    </net>
    <net code="121" name="Net-(D14-Pad2)">
      <node ref="K14" pin="1"/>
      <node ref="D14" pin="2"/>
    </net>
  </nets>
</export>
