"Id";"Designator";"Package";"Quantity";"Designation";"Supplier and ref";
1;"G0";"EDILogo";1;"HardLight";;;
2;"G1";"EDILogo";1;"EDI";;;
3;"J1";"PinHeader_1x04_P2.54mm_Vertical";1;"I²C";;;
4;"J0";"USB4085-GF-A";1;"USB_C_Receptacle_USB2.0";;;
5;"R4,R3";"R_0805_2012Metric";2;"5K1";;;
6;"F0";"Fuse_0805_2012Metric_Castellated";1;"1A";;;
7;"K1,K17,K19,K27,K21,K64,K63,K62,K61,K60,K59,K58,K57,K56,K55,K54,K53,K52,K51,K50,K49,K48,K47,K46,K45,K44,K43,K42,K41,K40,K39,K38,K37,K36,K35,K34,K33,K32,K31,K30,K29,K28,K26,K25,K24,K23,K22,K20,K18,K16,K15,K14,K13,K12,K11,K10,K9,K8,K7,K6,K5,K4,K3,K2";"MX-Alps-Choc-1U-NoLED";64;"KEYSW";;;
8;"C7,Z0,Z1,Z2,Z14,Z13,Z12,Z11,Z10,Z9,Z8,Z4,Z5,Z6,Z7,Z3,C4,C5,C6";"C_0805_2012Metric";19;"0.1uf";;;
9;"C0";"C_0805_2012Metric";1;"1uf";;;
10;"U0";"TQFP-44_10x10mm_P0.8mm";1;"ATmega32U4-AU";;;
11;"R0,R6,R7,R5";"R_0805_2012Metric";4;"10k";;;
12;"L7,L8,L14,L9,L10,L11,L12,L13,L6,L5,L4,L2,L1,L3,L0";"LED_WS2812B_PLCC4_5.0x5.0mm_P3.2mm";15;"ULED";;;
13;"H7,H6,H5,H0,H2,H1,H4,H3";"MountingHole_2.2mm_M2_Pad";8;"MountingHole_Pad";;;
14;"D61,D62,D63,D64,D41,D34,D47,D46,D45,D44,D43,D42,D40,D39,D38,D37,D36,D35,D48,D51,D52,D53,D54,D55,D56,D57,D58,D59,D60,D50,D17,D49,D18,D16,D15,D14,D13,D12,D11,D19,D20,D21,D22,D23,D24,D25,D26,D27,D28,D29,D30,D31,D32,D33,D1,D2,D3,D4,D5,D6,D8,D9,D10,D7";"D_SOD-123";64;"D";;;
15;"SW0";"SW_SPST_SKQG_WithoutStem";1;"SW_PUSH";;;
16;"C1,C2";"C_0805_2012Metric";2;"22pf";;;
17;"C3";"C_0805_2012Metric";1;"10uf";;;
18;"Y0";"Crystal_SMD_3225-4Pin_3.2x2.5mm";1;"16MHz";;;
19;"R1,R2";"R_0805_2012Metric";2;"22";;;
