Comment,Designator,Footprint,LCSC
"4.7uF","C1","EDI:Passive_0402_1005Metric","C23733"
"100nF","LC1,C2,LC2,C3,LC3,C4,LC4,C5,LC5,C6,LC6,LC7,C8,LC8,C9,LC9,LC10,LC11,LC12,LC13,LC14,LC15,LC16,LC17,LC18,LC19,LC20,LC21,LC22,LC23,LC24,LC25,LC26,LC27,LC28,LC29,LC30,LC31,LC32","EDI:Passive_0402_1005Metric","C1525"
"10uF","C7","EDI:Passive_0402_1005Metric","C15525"
"SOD-523","D1,DR1,D2,DR2,D3,D4,D5,D6,D7,D8,D9,D10,D11,D12,D13,D14,D15,D16,D17,D18,D19,D20,D21,D22,D23,D24,D25,D26,D27,D28,D29,D30,D31,D32,D33,D34,D35,D36,D37,D38,D39,D40,D41,D42,D43,D44,D45,D46,D47,D48,D49,D50,D51,D52,D53,D54,D55,D56,D57,D58,D59,D60,D61,D62,D63,D64,D65,D66,D67,D68,D69,D70,D71,D72,D73,D74,D75,D76,D77,D78,D79,D80,D81,D82,D83,D84,D85,D86,D87,D88,D89,D90,D91,D92,D93,D94,D95,D96,D97,D98,D99,D100,D101,D102,D103,D104,D105,D106,D107,D108,D109,D110,D111,D112,D113,D114,D115,D116,D117,D118,D119,D120,D121,D122,D123,D124,D125,D126,D127,D75A2,D125A2","EDI:D_SOD-523","C2802290"
"6v 500ma","F0","Fuse:Fuse_0603_1608Metric_Castellated","C207011"
"Mount","H1,H2,H3,H4,H5,H6,H7,H8","EDI:MountingHole_2.2mm_M2_Pad_Via",""
"USB","J0","Connector_USB:USB_C_Receptacle_HRO_TYPE-C-31-M-12","C165948"
"OmniSwitch","K1,K2,K3,K4,K5,K6,K7,K8,K9,K14,K15,K16,K17,K18,K19,K20,K21,K22,K23,K24,K25,K26,K27,K28,K29,K30,K31,K32,K33,K34,K35,K36,K37,K38,K39,K40,K41,K42,K43,K44,K45,K46,K47,K48,K49,K50,K51,K52,K53,K54,K55,K56,K57,K58,K59,K60,K61,K62,K63,K64,K65,K66,K67,K68,K69,K70,K71,K72,K73,K74,K75,K76,K77,K78,K79,K80,K81,K82,K83,K84,K85,K86,K87,K88,K89,K90,K91,K92,K93,K94,K95,K96,K97,K98,K99,K100,K101,K102,K103,K104,K105,K106,K107,K108,K109,K110,K111,K112,K113,K114,K115,K116,K117,K118,K119,K120,K121,K122,K123,K124,K125,K126,K127,K75A1,K75A2,K125A1,K125A2","EDI:MX-Choc",""
"OmniSwitch","K10,K11,K12,K13","Connector_PinSocket_2.54mm:PinSocket_1x02_P2.54mm_Vertical",""
"Caps","KL1","LED_THT:LED_D1.8mm_W3.3mm_H2.4mm",""
"Scroll","KL2","LED_THT:LED_D1.8mm_W3.3mm_H2.4mm",""
"Num","KL3","LED_THT:LED_D1.8mm_W3.3mm_H2.4mm",""
"Transducer","L0","Buzzer_Beeper:Buzzer_Mallory_AST1109MLTRQ","C391036"
"WS2812C","LD1,LD2,LD3,LD4,LD5,LD6,LD7,LD8,LD9,LD10,LD11,LD12,LD13,LD14,LD15,LD16,LD17,LD18,LD19,LD20,LD21,LD22,LD23,LD24,LD25,LD26,LD27,LD28,LD29,LD30,LD31,LD32","EDI:WS2812B_2020","C965556"
"10k","R1","EDI:Passive_0402_1005Metric","C25744"
"5k1","R2,R3,R4","EDI:Passive_0402_1005Metric","C25905"
"270","RL1,RL2,RL3","EDI:Passive_0402_1005Metric","C25099"
"Media","RX1","Rotary_Encoder:RotaryEncoder_Alps_EC11E-Switch_Vertical_H20mm",""
"Volume","RX2","Rotary_Encoder:RotaryEncoder_Alps_EC11E-Switch_Vertical_H20mm",""
"RESET","S1","Button_Switch_SMD:SW_SPST_SKQG_WithoutStem","C115351"
"BOOTLOADER","S2","Button_Switch_SMD:SW_SPST_SKQG_WithoutStem","C115351"
"STM32F072CxT6","U0","Package_QFP:LQFP-64_10x10mm_P0.5mm","C81720"
"LDO-3.3","U1","Package_TO_SOT_SMD:SOT-23","C83932"
"SweetBiz ID","Z0","EDI:EDI-HP-SCI",""
"Business Time","Z1","EDI:mk4-sweetbiz",""
"SweetBiz ID","Z2","EDI:sweethaz",""