﻿designator,quantity,value,pack,mpn,mount_type
"C1, C11",2,1uf,Passive_0402_1005Metric,,smt
"C10, C2, C3, C4, C5, C6, C7, C8, C9, CF1, CP1, LC1, LC10, LC11, LC12, LC13, LC14, LC15, LC16, LC17, LC18, LC19, LC2, LC20, LC21, LC22, LC23, LC24, LC25, LC26, LC27, LC28, LC29, LC3, LC30, LC31, LC32, LC33, LC34, LC35, LC36, LC37, LC38, LC39, LC4, LC40, LC41, LC42, LC43, LC44, LC45, LC46, LC47, LC48, LC49, LC5, LC50, LC51, LC52, LC53, LC54, LC55, LC56, LC57, LC58, LC59, LC6, LC60, LC61, LC62, LC63, LC64, LC7, LC8, LC9",75,100nF,Passive_0402_1005Metric,,smt
"CP10, CP11, CP12, CP13, CP14, CP15, CP16, CP17, CP2, CP3, CP4, CP5, CP6, CP7, CP8, CP9",16,22uf,Passive_0402_1005Metric,,smt
"D1, D10, D11, D12, D13, D14, D15, D16, D17, D18, D19, D2, D20, D21, D22, D23, D24, D25, D26, D27, D28, D29, D3, D30, D31, D32, D33, D34, D35, D36, D37, D38, D39, D4, D40, D41, D42, D43, D44, D45, D46, D47, D48, D49, D5, D50, D51, D52, D53, D54, D55, D56, D57, D58, D59, D6, D60, D61, D62, D63, D64, D7, D8, D9",64,1N4148W-T4,D_SOD-523,,smt
F0,1,6v 500ma,Fuse_0402_1005Metric,,smt
G0,1,EDI,EDILogo,,tht
G1,1,LOGO,hackpgh,,tht
G2,1,LOGO,sweethaz,,tht
"H1, H2, H3, H4, H5, H6, H7, H8",8,Mount,MountingHole_3.2mm_M3,,tht
J0,1,USB,USB_C_Receptacle_HRO_TYPE-C-31-M-12,,smt
J1,1,qwiic,JST_SH_SM04B-SRSS-TB_1x04-1MP_P1.00mm_Horizontal,,smt
J2,1,Expansion,PinHeader_1x06_P2.54mm_Vertical,,tht
"K1, K10, K11, K12, K13, K14, K15, K16, K17, K18, K19, K2, K20, K21, K22, K23, K24, K25, K26, K27, K28, K29, K3, K30, K31, K32, K33, K34, K35, K36, K37, K38, K39, K4, K40, K41, K42, K43, K44, K45, K46, K47, K48, K49, K5, K50, K51, K52, K53, K54, K54.1, K55, K56, K57, K58, K58.1, K59, K6, K60, K61, K62, K63, K64, K7, K8, K9",66,Keyswitch,SW_PG1350,,tht
"LD1, LD10, LD11, LD12, LD13, LD14, LD15, LD16, LD17, LD18, LD19, LD2, LD20, LD21, LD22, LD23, LD24, LD25, LD26, LD27, LD28, LD29, LD3, LD30, LD31, LD32, LD33, LD34, LD35, LD36, LD37, LD38, LD39, LD4, LD40, LD41, LD42, LD43, LD44, LD45, LD46, LD47, LD48, LD49, LD5, LD50, LD51, LD52, LD53, LD54, LD55, LD56, LD57, LD58, LD59, LD6, LD60, LD61, LD62, LD63, LD64, LD7, LD8, LD9",64,WS2812C,WS2812B_2020,,smt
LP1,1,10uH,L_Sunlord_SWPA4020S,,smt
"RC1, RC2",2,5k1,Passive_0402_1005Metric,,smt
"RD0, RD1",2,27.4,Passive_0402_1005Metric,,smt
"RF2, RR1, RX1",3,1k,Passive_0402_1005Metric,,smt
RP1,1,100K,Passive_0402_1005Metric,,smt
RP2,1,22.1K,Passive_0402_1005Metric,,smt
S1,1,RESET,SW_SPST_SKQG_WithoutStem,,smt
"TX0, TX1",2,Transducer,Buzzer_CUI_CPT-9019S-SMT,,smt
U0,1,RP2040,QFN-56-1EP_7x7mm_P0.4mm_EP5.6x5.6mm_ThermalVias,,smt
U1,1,MT2492,SOT-23-6,,smt
U2,1,USBLC6-2SC6,SOT-23-6,,smt
U3,1,W25Q128JVS,WSON-8-1EP_6x5mm_P1.27mm_EP3.4x4.3mm,,smt
Y0,1,CSTCE12M0G55-R0,Resonator_SMD_Murata_CSTxExxV-3Pin_3.0x1.1mm,,smt
