﻿pos_x,pos_y,rotation,side,designator,mpn,pack,value,mount_type,place
83.693,-84.455,90.0,bottom,C1,,Passive_0402_1005Metric,1uf,smt,True
83.693,-96.266,-90.0,bottom,C10,,Passive_0402_1005Metric,100nF,smt,True
84.709,-84.455,90.0,bottom,C11,,Passive_0402_1005Metric,1uf,smt,True
84.836,-96.266,-90.0,bottom,C2,,Passive_0402_1005Metric,100nF,smt,True
92.202,-91.567,0.0,bottom,C3,,Passive_0402_1005Metric,100nF,smt,True
80.645,-91.567,180.0,bottom,C4,,Passive_0402_1005Metric,100nF,smt,True
80.772,-87.503,180.0,bottom,C5,,Passive_0402_1005Metric,100nF,smt,True
92.202,-87.503,0.0,bottom,C6,,Passive_0402_1005Metric,100nF,smt,True
82.677,-84.455,90.0,bottom,C7,,Passive_0402_1005Metric,100nF,smt,True
86.36875,-84.4525,90.0,bottom,C8,,Passive_0402_1005Metric,100nF,smt,True
87.38475,-84.4525,90.0,bottom,C9,,Passive_0402_1005Metric,100nF,smt,True
82.92675,-73.217,90.0,bottom,CF1,,Passive_0402_1005Metric,100nF,smt,True
48.56875,-104.6375,0.0,bottom,CP1,,Passive_0402_1005Metric,100nF,smt,True
49.65375,-97.6375,180.0,bottom,CP10,,Passive_0402_1005Metric,22uf,smt,True
49.65375,-96.5375,180.0,bottom,CP11,,Passive_0402_1005Metric,22uf,smt,True
49.65375,-98.7375,180.0,bottom,CP12,,Passive_0402_1005Metric,22uf,smt,True
49.65375,-99.8375,180.0,bottom,CP13,,Passive_0402_1005Metric,22uf,smt,True
49.68375,-113.8375,0.0,bottom,CP14,,Passive_0402_1005Metric,22uf,smt,True
47.68375,-110.5375,180.0,bottom,CP15,,Passive_0402_1005Metric,22uf,smt,True
47.68375,-112.7375,180.0,bottom,CP16,,Passive_0402_1005Metric,22uf,smt,True
47.68375,-111.6375,180.0,bottom,CP17,,Passive_0402_1005Metric,22uf,smt,True
47.65375,-99.8375,0.0,bottom,CP2,,Passive_0402_1005Metric,22uf,smt,True
47.65375,-98.7375,0.0,bottom,CP3,,Passive_0402_1005Metric,22uf,smt,True
47.65375,-97.6375,0.0,bottom,CP4,,Passive_0402_1005Metric,22uf,smt,True
47.65375,-96.5375,0.0,bottom,CP5,,Passive_0402_1005Metric,22uf,smt,True
49.68375,-112.7375,0.0,bottom,CP6,,Passive_0402_1005Metric,22uf,smt,True
49.68375,-111.6375,0.0,bottom,CP7,,Passive_0402_1005Metric,22uf,smt,True
49.68375,-110.5375,0.0,bottom,CP8,,Passive_0402_1005Metric,22uf,smt,True
47.68375,-113.8375,180.0,bottom,CP9,,Passive_0402_1005Metric,22uf,smt,True
41.36875,-77.9875,90.0,bottom,D1,,D_SOD-523,1N4148W-T4,smt,True
212.81875,-77.9875,90.0,bottom,D10,,D_SOD-523,1N4148W-T4,smt,True
231.86875,-77.9875,90.0,bottom,D11,,D_SOD-523,1N4148W-T4,smt,True
250.91875,-77.9875,90.0,bottom,D12,,D_SOD-523,1N4148W-T4,smt,True
269.96875,-77.9875,90.0,bottom,D13,,D_SOD-523,1N4148W-T4,smt,True
289.01875,-77.9875,90.0,bottom,D14,,D_SOD-523,1N4148W-T4,smt,True
308.06875,-77.9875,90.0,bottom,D15,,D_SOD-523,1N4148W-T4,smt,True
327.11875,-77.9875,90.0,bottom,D16,,D_SOD-523,1N4148W-T4,smt,True
41.36875,-97.0375,90.0,bottom,D17,,D_SOD-523,1N4148W-T4,smt,True
60.41875,-97.0375,90.0,bottom,D18,,D_SOD-523,1N4148W-T4,smt,True
79.46875,-97.0375,90.0,bottom,D19,,D_SOD-523,1N4148W-T4,smt,True
60.41875,-77.9875,90.0,bottom,D2,,D_SOD-523,1N4148W-T4,smt,True
98.51875,-97.0375,90.0,bottom,D20,,D_SOD-523,1N4148W-T4,smt,True
117.56875,-97.0375,90.0,bottom,D21,,D_SOD-523,1N4148W-T4,smt,True
136.61875,-97.0375,90.0,bottom,D22,,D_SOD-523,1N4148W-T4,smt,True
155.66875,-97.0375,90.0,bottom,D23,,D_SOD-523,1N4148W-T4,smt,True
174.71875,-97.0375,90.0,bottom,D24,,D_SOD-523,1N4148W-T4,smt,True
193.76875,-96.975,90.0,bottom,D25,,D_SOD-523,1N4148W-T4,smt,True
212.81875,-97.05,90.0,bottom,D26,,D_SOD-523,1N4148W-T4,smt,True
231.86875,-97.0375,90.0,bottom,D27,,D_SOD-523,1N4148W-T4,smt,True
250.91875,-97.0375,90.0,bottom,D28,,D_SOD-523,1N4148W-T4,smt,True
269.96875,-97.0375,90.0,bottom,D29,,D_SOD-523,1N4148W-T4,smt,True
79.46875,-77.9875,90.0,bottom,D3,,D_SOD-523,1N4148W-T4,smt,True
289.01875,-97.0375,90.0,bottom,D30,,D_SOD-523,1N4148W-T4,smt,True
308.06875,-97.0375,90.0,bottom,D31,,D_SOD-523,1N4148W-T4,smt,True
327.11875,-97.0375,90.0,bottom,D32,,D_SOD-523,1N4148W-T4,smt,True
41.36875,-116.0875,90.0,bottom,D33,,D_SOD-523,1N4148W-T4,smt,True
60.41875,-116.0875,90.0,bottom,D34,,D_SOD-523,1N4148W-T4,smt,True
79.46875,-116.0875,90.0,bottom,D35,,D_SOD-523,1N4148W-T4,smt,True
98.51875,-116.0875,90.0,bottom,D36,,D_SOD-523,1N4148W-T4,smt,True
117.56875,-116.0875,90.0,bottom,D37,,D_SOD-523,1N4148W-T4,smt,True
136.61875,-116.0875,90.0,bottom,D38,,D_SOD-523,1N4148W-T4,smt,True
155.66875,-116.0875,90.0,bottom,D39,,D_SOD-523,1N4148W-T4,smt,True
98.51875,-77.9875,90.0,bottom,D4,,D_SOD-523,1N4148W-T4,smt,True
174.71875,-116.0875,90.0,bottom,D40,,D_SOD-523,1N4148W-T4,smt,True
193.76875,-116.0875,90.0,bottom,D41,,D_SOD-523,1N4148W-T4,smt,True
212.81875,-116.0875,90.0,bottom,D42,,D_SOD-523,1N4148W-T4,smt,True
231.86875,-116.0875,90.0,bottom,D43,,D_SOD-523,1N4148W-T4,smt,True
250.91875,-116.0875,90.0,bottom,D44,,D_SOD-523,1N4148W-T4,smt,True
269.96875,-116.0875,90.0,bottom,D45,,D_SOD-523,1N4148W-T4,smt,True
289.01875,-116.0875,90.0,bottom,D46,,D_SOD-523,1N4148W-T4,smt,True
308.06875,-116.0875,90.0,bottom,D47,,D_SOD-523,1N4148W-T4,smt,True
327.11875,-116.0875,90.0,bottom,D48,,D_SOD-523,1N4148W-T4,smt,True
41.36875,-135.1375,90.0,bottom,D49,,D_SOD-523,1N4148W-T4,smt,True
117.56875,-77.9875,90.0,bottom,D5,,D_SOD-523,1N4148W-T4,smt,True
60.41875,-135.1375,90.0,bottom,D50,,D_SOD-523,1N4148W-T4,smt,True
79.46875,-135.1375,90.0,bottom,D51,,D_SOD-523,1N4148W-T4,smt,True
98.51875,-135.1375,90.0,bottom,D52,,D_SOD-523,1N4148W-T4,smt,True
117.56875,-135.1375,90.0,bottom,D53,,D_SOD-523,1N4148W-T4,smt,True
136.61875,-135.1375,90.0,bottom,D54,,D_SOD-523,1N4148W-T4,smt,True
155.66875,-135.1375,90.0,bottom,D55,,D_SOD-523,1N4148W-T4,smt,True
174.71875,-135.1375,90.0,bottom,D56,,D_SOD-523,1N4148W-T4,smt,True
193.76875,-135.1375,90.0,bottom,D57,,D_SOD-523,1N4148W-T4,smt,True
212.81875,-135.1375,90.0,bottom,D58,,D_SOD-523,1N4148W-T4,smt,True
231.86875,-135.1375,90.0,bottom,D59,,D_SOD-523,1N4148W-T4,smt,True
136.61875,-77.9875,90.0,bottom,D6,,D_SOD-523,1N4148W-T4,smt,True
250.91875,-135.1375,90.0,bottom,D60,,D_SOD-523,1N4148W-T4,smt,True
269.96875,-135.1375,90.0,bottom,D61,,D_SOD-523,1N4148W-T4,smt,True
289.01875,-135.1375,90.0,bottom,D62,,D_SOD-523,1N4148W-T4,smt,True
308.06875,-135.1375,90.0,bottom,D63,,D_SOD-523,1N4148W-T4,smt,True
327.11875,-135.1375,90.0,bottom,D64,,D_SOD-523,1N4148W-T4,smt,True
155.66875,-77.9875,90.0,bottom,D7,,D_SOD-523,1N4148W-T4,smt,True
174.71875,-77.9875,90.0,bottom,D8,,D_SOD-523,1N4148W-T4,smt,True
193.76875,-77.9875,90.0,bottom,D9,,D_SOD-523,1N4148W-T4,smt,True
52.36875,-83.1375,180.0,bottom,F0,,Fuse_0402_1005Metric,6v 500ma,smt,True
275.26875,-88.8375,180.0,bottom,G0,,EDILogo,EDI,tht,True
275.86875,-122.9375,180.0,bottom,G1,,hackpgh,LOGO,tht,False
317.5,-88.10625,0.0,bottom,G2,,sweethaz,LOGO,tht,False
67.46875,-90.4818,0.0,top,H1,,MountingHole_3.2mm_M3,Mount,tht,True
148.43125,-90.4875,0.0,top,H2,,MountingHole_3.2mm_M3,Mount,tht,True
215.10625,-90.4818,0.0,top,H3,,MountingHole_3.2mm_M3,Mount,tht,True
296.06395,-90.4818,0.0,top,H4,,MountingHole_3.2mm_M3,Mount,tht,True
67.46875,-128.5794,180.0,top,H5,,MountingHole_3.2mm_M3,Mount,tht,True
148.43125,-128.5851,180.0,top,H6,,MountingHole_3.2mm_M3,Mount,tht,True
215.10625,-128.5794,180.0,top,H7,,MountingHole_3.2mm_M3,Mount,tht,True
296.06395,-128.5794,180.0,top,H8,,MountingHole_3.2mm_M3,Mount,tht,True
50.86875,-73.6375,0.0,bottom,J0,,USB_C_Receptacle_HRO_TYPE-C-31-M-12,USB,smt,True
67.46875,-74.4375,0.0,bottom,J1,,JST_SH_SM04B-SRSS-TB_1x04-1MP_P1.00mm_Horizontal,qwiic,smt,True
31.75,-83.34375,180.0,bottom,J2,,PinHeader_1x06_P2.54mm_Vertical,Expansion,tht,True
38.89375,-80.9625,0.0,top,K1,,SW_PG1350,Keyswitch,tht,True
210.34375,-80.9625,0.0,top,K10,,SW_PG1350,Keyswitch,tht,True
229.39375,-80.9625,0.0,top,K11,,SW_PG1350,Keyswitch,tht,True
248.44375,-80.9625,0.0,top,K12,,SW_PG1350,Keyswitch,tht,True
267.49375,-80.9625,0.0,top,K13,,SW_PG1350,Keyswitch,tht,True
286.54375,-80.9625,0.0,top,K14,,SW_PG1350,Keyswitch,tht,True
305.59375,-80.9625,0.0,top,K15,,SW_PG1350,Keyswitch,tht,True
324.64375,-80.9625,0.0,top,K16,,SW_PG1350,Keyswitch,tht,True
38.89375,-100.0125,0.0,top,K17,,SW_PG1350,Keyswitch,tht,True
57.94375,-100.0125,0.0,top,K18,,SW_PG1350,Keyswitch,tht,True
76.99375,-100.0125,0.0,top,K19,,SW_PG1350,Keyswitch,tht,True
57.94375,-80.9625,0.0,top,K2,,SW_PG1350,Keyswitch,tht,True
96.04375,-100.0125,0.0,top,K20,,SW_PG1350,Keyswitch,tht,True
115.09375,-100.0125,0.0,top,K21,,SW_PG1350,Keyswitch,tht,True
134.14375,-100.0125,0.0,top,K22,,SW_PG1350,Keyswitch,tht,True
153.19375,-100.0125,0.0,top,K23,,SW_PG1350,Keyswitch,tht,True
172.24375,-100.0125,0.0,top,K24,,SW_PG1350,Keyswitch,tht,True
191.29375,-100.0125,0.0,top,K25,,SW_PG1350,Keyswitch,tht,True
210.34375,-100.0125,0.0,top,K26,,SW_PG1350,Keyswitch,tht,True
229.39375,-100.0125,0.0,top,K27,,SW_PG1350,Keyswitch,tht,True
248.44375,-100.0125,0.0,top,K28,,SW_PG1350,Keyswitch,tht,True
267.49375,-100.0125,0.0,top,K29,,SW_PG1350,Keyswitch,tht,True
76.99375,-80.9498,0.0,top,K3,,SW_PG1350,Keyswitch,tht,True
286.54375,-100.0125,0.0,top,K30,,SW_PG1350,Keyswitch,tht,True
305.59375,-100.0125,0.0,top,K31,,SW_PG1350,Keyswitch,tht,True
324.64375,-100.0125,0.0,top,K32,,SW_PG1350,Keyswitch,tht,True
38.89375,-119.0625,0.0,top,K33,,SW_PG1350,Keyswitch,tht,True
57.94375,-119.0625,0.0,top,K34,,SW_PG1350,Keyswitch,tht,True
76.99375,-119.0625,0.0,top,K35,,SW_PG1350,Keyswitch,tht,True
96.04375,-119.0625,0.0,top,K36,,SW_PG1350,Keyswitch,tht,True
115.09375,-119.0625,0.0,top,K37,,SW_PG1350,Keyswitch,tht,True
134.14375,-119.0625,0.0,top,K38,,SW_PG1350,Keyswitch,tht,True
153.19375,-119.0625,0.0,top,K39,,SW_PG1350,Keyswitch,tht,True
96.04375,-80.9625,0.0,top,K4,,SW_PG1350,Keyswitch,tht,True
172.24375,-119.0625,0.0,top,K40,,SW_PG1350,Keyswitch,tht,True
191.29375,-119.0625,0.0,top,K41,,SW_PG1350,Keyswitch,tht,True
210.34375,-119.0625,0.0,top,K42,,SW_PG1350,Keyswitch,tht,True
229.39375,-119.0625,0.0,top,K43,,SW_PG1350,Keyswitch,tht,True
248.44375,-119.0625,0.0,top,K44,,SW_PG1350,Keyswitch,tht,True
267.49375,-119.0625,0.0,top,K45,,SW_PG1350,Keyswitch,tht,True
286.54375,-119.0625,0.0,top,K46,,SW_PG1350,Keyswitch,tht,True
305.59375,-119.0625,0.0,top,K47,,SW_PG1350,Keyswitch,tht,True
324.64375,-119.0625,0.0,top,K48,,SW_PG1350,Keyswitch,tht,True
38.89375,-138.1125,0.0,top,K49,,SW_PG1350,Keyswitch,tht,True
115.09375,-80.9625,0.0,top,K5,,SW_PG1350,Keyswitch,tht,True
57.94375,-138.1125,0.0,top,K50,,SW_PG1350,Keyswitch,tht,True
76.99375,-138.1125,0.0,top,K51,,SW_PG1350,Keyswitch,tht,True
96.04375,-138.1125,0.0,top,K52,,SW_PG1350,Keyswitch,tht,True
115.09375,-138.1125,0.0,top,K53,,SW_PG1350,Keyswitch,tht,True
134.14375,-138.1125,0.0,top,K54,,SW_PG1350,Keyswitch,tht,True
143.66875,-138.1125,0.0,top,K54.1,,SW_PG1350,Keyswitch,tht,True
153.19375,-138.1125,0.0,top,K55,,SW_PG1350,Keyswitch,tht,True
172.24375,-138.1125,0.0,top,K56,,SW_PG1350,Keyswitch,tht,True
191.29375,-138.1125,0.0,top,K57,,SW_PG1350,Keyswitch,tht,True
210.34375,-138.1125,0.0,top,K58,,SW_PG1350,Keyswitch,tht,True
219.86875,-138.1125,0.0,top,K58.1,,SW_PG1350,Keyswitch,tht,True
229.39375,-138.1125,0.0,top,K59,,SW_PG1350,Keyswitch,tht,True
134.14375,-80.9625,0.0,top,K6,,SW_PG1350,Keyswitch,tht,True
248.44375,-138.1125,0.0,top,K60,,SW_PG1350,Keyswitch,tht,True
267.49375,-138.1125,0.0,top,K61,,SW_PG1350,Keyswitch,tht,True
286.54375,-138.1125,0.0,top,K62,,SW_PG1350,Keyswitch,tht,True
305.59375,-138.1125,0.0,top,K63,,SW_PG1350,Keyswitch,tht,True
324.64375,-138.1125,0.0,top,K64,,SW_PG1350,Keyswitch,tht,True
153.19375,-80.9625,0.0,top,K7,,SW_PG1350,Keyswitch,tht,True
172.24375,-80.9625,0.0,top,K8,,SW_PG1350,Keyswitch,tht,True
191.29375,-80.9625,0.0,top,K9,,SW_PG1350,Keyswitch,tht,True
38.957475,-88.329,180.0,top,LC1,,Passive_0402_1005Metric,100nF,smt,True
210.31325,-88.329,180.0,top,LC10,,Passive_0402_1005Metric,100nF,smt,True
229.36325,-88.329,180.0,top,LC11,,Passive_0402_1005Metric,100nF,smt,True
248.41325,-88.329,180.0,top,LC12,,Passive_0402_1005Metric,100nF,smt,True
267.46325,-88.329,180.0,top,LC13,,Passive_0402_1005Metric,100nF,smt,True
286.51325,-88.329,180.0,top,LC14,,Passive_0402_1005Metric,100nF,smt,True
305.56325,-88.329,180.0,top,LC15,,Passive_0402_1005Metric,100nF,smt,True
324.61325,-88.329,180.0,top,LC16,,Passive_0402_1005Metric,100nF,smt,True
38.86325,-107.379,180.0,top,LC17,,Passive_0402_1005Metric,100nF,smt,True
57.91325,-107.379,180.0,top,LC18,,Passive_0402_1005Metric,100nF,smt,True
76.96325,-107.379,180.0,top,LC19,,Passive_0402_1005Metric,100nF,smt,True
57.91325,-88.329,180.0,top,LC2,,Passive_0402_1005Metric,100nF,smt,True
96.01325,-107.379,180.0,top,LC20,,Passive_0402_1005Metric,100nF,smt,True
115.050975,-107.379,180.0,top,LC21,,Passive_0402_1005Metric,100nF,smt,True
134.11325,-107.379,180.0,top,LC22,,Passive_0402_1005Metric,100nF,smt,True
153.16325,-107.379,180.0,top,LC23,,Passive_0402_1005Metric,100nF,smt,True
172.21325,-107.379,180.0,top,LC24,,Passive_0402_1005Metric,100nF,smt,True
191.1945,-107.379,180.0,top,LC25,,Passive_0402_1005Metric,100nF,smt,True
210.31325,-107.379,180.0,top,LC26,,Passive_0402_1005Metric,100nF,smt,True
229.36325,-107.379,180.0,top,LC27,,Passive_0402_1005Metric,100nF,smt,True
248.41325,-107.379,180.0,top,LC28,,Passive_0402_1005Metric,100nF,smt,True
267.46325,-107.379,180.0,top,LC29,,Passive_0402_1005Metric,100nF,smt,True
76.96325,-88.329,180.0,top,LC3,,Passive_0402_1005Metric,100nF,smt,True
286.3695,-107.379,180.0,top,LC30,,Passive_0402_1005Metric,100nF,smt,True
305.56325,-107.379,180.0,top,LC31,,Passive_0402_1005Metric,100nF,smt,True
324.61325,-107.379,180.0,top,LC32,,Passive_0402_1005Metric,100nF,smt,True
38.94375,-126.4,180.0,top,LC33,,Passive_0402_1005Metric,100nF,smt,True
57.94375,-126.4,180.0,top,LC34,,Passive_0402_1005Metric,100nF,smt,True
76.96875,-126.3875,180.0,top,LC35,,Passive_0402_1005Metric,100nF,smt,True
96.01875,-126.3875,180.0,top,LC36,,Passive_0402_1005Metric,100nF,smt,True
115.11875,-126.3875,180.0,top,LC37,,Passive_0402_1005Metric,100nF,smt,True
134.11875,-126.3875,180.0,top,LC38,,Passive_0402_1005Metric,100nF,smt,True
153.16875,-126.3875,180.0,top,LC39,,Passive_0402_1005Metric,100nF,smt,True
96.01325,-88.329,180.0,top,LC4,,Passive_0402_1005Metric,100nF,smt,True
172.21875,-126.3875,180.0,top,LC40,,Passive_0402_1005Metric,100nF,smt,True
191.26875,-126.3875,180.0,top,LC41,,Passive_0402_1005Metric,100nF,smt,True
210.31875,-126.3875,180.0,top,LC42,,Passive_0402_1005Metric,100nF,smt,True
229.36875,-126.3875,180.0,top,LC43,,Passive_0402_1005Metric,100nF,smt,True
248.41875,-126.3875,180.0,top,LC44,,Passive_0402_1005Metric,100nF,smt,True
267.46875,-126.3875,180.0,top,LC45,,Passive_0402_1005Metric,100nF,smt,True
286.51875,-126.3875,180.0,top,LC46,,Passive_0402_1005Metric,100nF,smt,True
305.56875,-126.3875,180.0,top,LC47,,Passive_0402_1005Metric,100nF,smt,True
324.61875,-126.3875,180.0,top,LC48,,Passive_0402_1005Metric,100nF,smt,True
38.86875,-145.4375,180.0,top,LC49,,Passive_0402_1005Metric,100nF,smt,True
115.06325,-88.329,180.0,top,LC5,,Passive_0402_1005Metric,100nF,smt,True
57.91875,-145.4375,180.0,top,LC50,,Passive_0402_1005Metric,100nF,smt,True
76.96875,-145.4375,180.0,top,LC51,,Passive_0402_1005Metric,100nF,smt,True
96.01875,-145.4375,180.0,top,LC52,,Passive_0402_1005Metric,100nF,smt,True
115.06875,-145.4375,180.0,top,LC53,,Passive_0402_1005Metric,100nF,smt,True
134.11875,-145.4375,180.0,top,LC54,,Passive_0402_1005Metric,100nF,smt,True
153.16875,-145.4375,180.0,top,LC55,,Passive_0402_1005Metric,100nF,smt,True
172.21875,-145.4375,180.0,top,LC56,,Passive_0402_1005Metric,100nF,smt,True
191.26875,-145.4375,180.0,top,LC57,,Passive_0402_1005Metric,100nF,smt,True
210.38375,-145.4375,180.0,top,LC58,,Passive_0402_1005Metric,100nF,smt,True
229.36875,-145.4375,180.0,top,LC59,,Passive_0402_1005Metric,100nF,smt,True
134.11325,-88.329,180.0,top,LC6,,Passive_0402_1005Metric,100nF,smt,True
248.41875,-145.4375,180.0,top,LC60,,Passive_0402_1005Metric,100nF,smt,True
267.46875,-145.4375,180.0,top,LC61,,Passive_0402_1005Metric,100nF,smt,True
286.51875,-145.4375,180.0,top,LC62,,Passive_0402_1005Metric,100nF,smt,True
305.56875,-145.4375,180.0,top,LC63,,Passive_0402_1005Metric,100nF,smt,True
324.61875,-145.4375,180.0,top,LC64,,Passive_0402_1005Metric,100nF,smt,True
153.16325,-88.329,180.0,top,LC7,,Passive_0402_1005Metric,100nF,smt,True
172.21325,-88.329,180.0,top,LC8,,Passive_0402_1005Metric,100nF,smt,True
191.26325,-88.329,180.0,top,LC9,,Passive_0402_1005Metric,100nF,smt,True
38.86875,-86.4875,0.0,top,LD1,,WS2812B_2020,WS2812C,smt,True
210.31875,-86.4875,0.0,top,LD10,,WS2812B_2020,WS2812C,smt,True
229.36875,-86.4875,0.0,top,LD11,,WS2812B_2020,WS2812C,smt,True
248.41875,-86.4875,0.0,top,LD12,,WS2812B_2020,WS2812C,smt,True
267.46875,-86.4875,0.0,top,LD13,,WS2812B_2020,WS2812C,smt,True
286.51875,-86.4875,0.0,top,LD14,,WS2812B_2020,WS2812C,smt,True
305.56875,-86.4875,0.0,top,LD15,,WS2812B_2020,WS2812C,smt,True
324.61875,-86.4875,0.0,top,LD16,,WS2812B_2020,WS2812C,smt,True
38.86875,-105.5375,180.0,top,LD17,,WS2812B_2020,WS2812C,smt,True
57.91875,-105.5375,180.0,top,LD18,,WS2812B_2020,WS2812C,smt,True
76.96875,-105.5375,180.0,top,LD19,,WS2812B_2020,WS2812C,smt,True
57.91875,-86.4875,0.0,top,LD2,,WS2812B_2020,WS2812C,smt,True
96.01875,-105.5375,180.0,top,LD20,,WS2812B_2020,WS2812C,smt,True
115.06875,-105.5375,180.0,top,LD21,,WS2812B_2020,WS2812C,smt,True
134.11875,-105.5375,180.0,top,LD22,,WS2812B_2020,WS2812C,smt,True
153.16875,-105.5375,180.0,top,LD23,,WS2812B_2020,WS2812C,smt,True
172.21875,-105.5375,180.0,top,LD24,,WS2812B_2020,WS2812C,smt,True
191.26875,-105.5375,180.0,top,LD25,,WS2812B_2020,WS2812C,smt,True
210.31875,-105.5375,180.0,top,LD26,,WS2812B_2020,WS2812C,smt,True
229.36875,-105.5375,180.0,top,LD27,,WS2812B_2020,WS2812C,smt,True
248.41875,-105.5375,180.0,top,LD28,,WS2812B_2020,WS2812C,smt,True
267.46875,-105.5375,180.0,top,LD29,,WS2812B_2020,WS2812C,smt,True
76.96875,-86.4875,0.0,top,LD3,,WS2812B_2020,WS2812C,smt,True
286.51875,-105.5375,180.0,top,LD30,,WS2812B_2020,WS2812C,smt,True
305.56875,-105.5375,180.0,top,LD31,,WS2812B_2020,WS2812C,smt,True
324.61875,-105.5375,180.0,top,LD32,,WS2812B_2020,WS2812C,smt,True
38.86875,-124.5875,0.0,top,LD33,,WS2812B_2020,WS2812C,smt,True
57.91875,-124.5875,0.0,top,LD34,,WS2812B_2020,WS2812C,smt,True
76.96875,-124.5875,0.0,top,LD35,,WS2812B_2020,WS2812C,smt,True
96.01875,-124.5875,0.0,top,LD36,,WS2812B_2020,WS2812C,smt,True
115.06875,-124.5875,0.0,top,LD37,,WS2812B_2020,WS2812C,smt,True
134.11875,-124.5875,0.0,top,LD38,,WS2812B_2020,WS2812C,smt,True
153.16875,-124.5875,0.0,top,LD39,,WS2812B_2020,WS2812C,smt,True
96.01875,-86.4875,0.0,top,LD4,,WS2812B_2020,WS2812C,smt,True
172.21875,-124.5875,0.0,top,LD40,,WS2812B_2020,WS2812C,smt,True
191.26875,-124.5875,0.0,top,LD41,,WS2812B_2020,WS2812C,smt,True
210.31875,-124.5875,0.0,top,LD42,,WS2812B_2020,WS2812C,smt,True
229.36875,-124.5875,0.0,top,LD43,,WS2812B_2020,WS2812C,smt,True
248.41875,-124.5875,0.0,top,LD44,,WS2812B_2020,WS2812C,smt,True
267.46875,-124.5875,0.0,top,LD45,,WS2812B_2020,WS2812C,smt,True
286.51875,-124.5875,0.0,top,LD46,,WS2812B_2020,WS2812C,smt,True
305.56875,-124.5875,0.0,top,LD47,,WS2812B_2020,WS2812C,smt,True
324.61875,-124.5875,0.0,top,LD48,,WS2812B_2020,WS2812C,smt,True
38.86875,-143.4375,180.0,top,LD49,,WS2812B_2020,WS2812C,smt,True
115.06875,-86.4875,0.0,top,LD5,,WS2812B_2020,WS2812C,smt,True
57.91875,-143.4375,180.0,top,LD50,,WS2812B_2020,WS2812C,smt,True
76.96875,-143.4375,180.0,top,LD51,,WS2812B_2020,WS2812C,smt,True
96.01875,-143.4375,180.0,top,LD52,,WS2812B_2020,WS2812C,smt,True
115.06875,-143.4375,180.0,top,LD53,,WS2812B_2020,WS2812C,smt,True
134.11875,-143.4375,180.0,top,LD54,,WS2812B_2020,WS2812C,smt,True
153.16875,-143.4375,180.0,top,LD55,,WS2812B_2020,WS2812C,smt,True
172.21875,-143.4375,180.0,top,LD56,,WS2812B_2020,WS2812C,smt,True
191.26875,-143.4375,180.0,top,LD57,,WS2812B_2020,WS2812C,smt,True
210.31875,-143.4375,180.0,top,LD58,,WS2812B_2020,WS2812C,smt,True
229.36875,-143.4375,180.0,top,LD59,,WS2812B_2020,WS2812C,smt,True
134.11875,-86.4875,0.0,top,LD6,,WS2812B_2020,WS2812C,smt,True
248.41875,-143.4375,180.0,top,LD60,,WS2812B_2020,WS2812C,smt,True
267.46875,-143.4375,180.0,top,LD61,,WS2812B_2020,WS2812C,smt,True
286.51875,-143.4375,180.0,top,LD62,,WS2812B_2020,WS2812C,smt,True
305.56875,-143.4375,180.0,top,LD63,,WS2812B_2020,WS2812C,smt,True
324.61875,-143.4375,180.0,top,LD64,,WS2812B_2020,WS2812C,smt,True
153.16875,-86.4875,0.0,top,LD7,,WS2812B_2020,WS2812C,smt,True
172.21875,-86.4875,0.0,top,LD8,,WS2812B_2020,WS2812C,smt,True
191.26875,-86.4875,0.0,top,LD9,,WS2812B_2020,WS2812C,smt,True
48.66875,-107.5375,-90.0,bottom,LP1,,L_Sunlord_SWPA4020S,10uH,smt,True
46.11875,-80.3875,-90.0,bottom,RC1,,Passive_0402_1005Metric,5k1,smt,True
50.61875,-80.4075,90.0,bottom,RC2,,Passive_0402_1005Metric,5k1,smt,True
78.232,-85.852,0.0,bottom,RD0,,Passive_0402_1005Metric,27.4,smt,True
78.232,-84.836,0.0,bottom,RD1,,Passive_0402_1005Metric,27.4,smt,True
81.84375,-73.217,90.0,bottom,RF2,,Passive_0402_1005Metric,1k,smt,True
45.76875,-105.7375,90.0,bottom,RP1,,Passive_0402_1005Metric,100K,smt,True
45.76875,-103.7375,90.0,bottom,RP2,,Passive_0402_1005Metric,22.1K,smt,True
102.108,-94.234,90.0,bottom,RR1,,Passive_0402_1005Metric,1k,smt,True
86.36,-96.266,180.0,bottom,RX1,,Passive_0402_1005Metric,1k,smt,True
105.5621,-96.8314,90.0,bottom,S1,,SW_SPST_SKQG_WithoutStem,RESET,smt,True
65.0875,-108.6375,180.0,bottom,TX0,,Buzzer_CUI_CPT-9019S-SMT,Transducer,smt,True
84.1375,-108.6375,0.0,bottom,TX1,,Buzzer_CUI_CPT-9019S-SMT,Transducer,smt,True
86.487,-90.4875,180.0,bottom,U0,,QFN-56-1EP_7x7mm_P0.4mm_EP5.6x5.6mm_ThermalVias,RP2040,smt,True
48.66875,-102.3375,0.0,bottom,U1,,SOT-23-6,MT2492,smt,True
48.36875,-81.6375,90.0,bottom,U2,,SOT-23-6,USBLC6-2SC6,smt,True
86.86875,-76.2919,180.0,bottom,U3,,WSON-8-1EP_6x5mm_P1.27mm_EP3.4x4.3mm,W25Q128JVS,smt,True
86.768,-98.479,180.0,bottom,Y0,,Resonator_SMD_Murata_CSTxExxV-3Pin_3.0x1.1mm,CSTCE12M0G55-R0,smt,True
